,Venue ID,#checkin_before,#checkin_after,checkin_increase
0,4a5f9446f964a520e0bf1fe3,1,1,0
1,4abe4502f964a520558c20e3,33,31,0
2,4abf8c03f964a520079120e3,57,24,0
3,4ac51183f964a52048a020e3,6,6,0
4,4ac51183f964a52049a020e3,2,6,1
5,4ac518b4f964a5206ba020e3,2,1,0
6,4ac518b4f964a52072a020e3,4,4,0
7,4ac518b5f964a5208ba020e3,1,3,1
8,4ac518b5f964a5208ca020e3,3,1,0
9,4ac518b5f964a52090a020e3,1,1,0
10,4ac518b5f964a52097a020e3,1,1,0
11,4ac518b5f964a520a0a020e3,2,2,0
12,4ac518b5f964a520c1a020e3,5,1,0
13,4ac518b5f964a520c2a020e3,1,4,1
14,4ac518b5f964a520c5a020e3,5,2,0
15,4ac518b6f964a52002a120e3,5,3,0
16,4ac518b6f964a52006a120e3,1,1,0
17,4ac518b6f964a5200ca120e3,5,1,0
18,4ac518b6f964a52026a120e3,2,1,0
19,4ac518b6f964a520dea020e3,2,1,0
20,4ac518b6f964a520e3a020e3,1,1,0
21,4ac518b8f964a5207da120e3,1,1,0
22,4ac518b8f964a52081a120e3,2,1,0
23,4ac518b8f964a52082a120e3,2,2,0
24,4ac518b9f964a5209ea120e3,1,2,1
25,4ac518b9f964a520a2a120e3,1,1,0
26,4ac518b9f964a520a5a120e3,3,3,0
27,4ac518b9f964a520afa120e3,1,1,0
28,4ac518b9f964a520b0a120e3,15,5,0
29,4ac518b9f964a520b5a120e3,1,1,0
30,4ac518b9f964a520bba120e3,4,2,0
31,4ac518baf964a520fea120e3,3,2,0
32,4ac518bbf964a5200ca220e3,1,2,1
33,4ac518bbf964a5203ba220e3,1,1,0
34,4ac518bbf964a52043a220e3,4,1,0
35,4ac518bbf964a52045a220e3,2,1,0
36,4ac518bbf964a52046a220e3,1,1,0
37,4ac518bbf964a52059a220e3,4,1,0
38,4ac518bcf964a52078a220e3,1,1,0
39,4ac518bcf964a5207ba220e3,1,1,0
40,4ac518bdf964a520a8a220e3,1,1,0
41,4ac518bdf964a520bea220e3,2,2,0
42,4ac518bdf964a520cfa220e3,3,1,0
43,4ac518bef964a52010a320e3,5,2,0
44,4ac518bef964a52011a320e3,1,1,0
45,4ac518bef964a520faa220e3,2,1,0
46,4ac518bff964a52034a320e3,1,1,0
47,4ac518bff964a52058a320e3,1,1,0
48,4ac518bff964a5205ca320e3,2,1,0
49,4ac518c0f964a52070a320e3,1,1,0
50,4ac518c1f964a520cda320e3,1,1,0
51,4ac518c1f964a520e0a320e3,2,2,0
52,4ac518c2f964a520fba320e3,1,1,0
53,4ac518c2f964a520ffa320e3,2,1,0
54,4ac518c3f964a52026a420e3,3,2,0
55,4ac518c3f964a52034a420e3,1,3,1
56,4ac518c3f964a5203ba420e3,1,1,0
57,4ac518c3f964a5203ca420e3,5,2,0
58,4ac518c3f964a52047a420e3,1,1,0
59,4ac518c3f964a52054a420e3,1,1,0
60,4ac518c3f964a52058a420e3,1,1,0
61,4ac518c4f964a52072a420e3,1,1,0
62,4ac518c4f964a52073a420e3,4,1,0
63,4ac518c4f964a5207ca420e3,2,1,0
64,4ac518c4f964a5209aa420e3,1,2,1
65,4ac518c5f964a520b4a420e3,5,1,0
66,4ac518c5f964a520c0a420e3,1,1,0
67,4ac518c5f964a520e1a420e3,3,1,0
68,4ac518c5f964a520eea420e3,1,1,0
69,4ac518c6f964a5200ea520e3,1,6,1
70,4ac518c6f964a52013a520e3,1,1,0
71,4ac518c6f964a52032a520e3,6,2,0
72,4ac518c7f964a52067a520e3,2,1,0
73,4ac518c7f964a52078a520e3,2,1,0
74,4ac518c8f964a5207ca520e3,10,2,0
75,4ac518c8f964a52081a520e3,19,6,0
76,4ac518c8f964a52082a520e3,2,1,0
77,4ac518c8f964a5208ea520e3,6,2,0
78,4ac518c9f964a52094a520e3,2,3,1
79,4ac518c9f964a520a6a520e3,2,1,0
80,4ac518cdf964a520e6a520e3,8,4,0
81,4ac518cdf964a520e8a520e3,15,7,0
82,4ac518cdf964a520e9a520e3,22,13,0
83,4ac518cdf964a520eca520e3,2,1,0
84,4ac518cdf964a520eea520e3,5,5,0
85,4ac518cdf964a520f2a520e3,13,8,0
86,4ac518cef964a52000a620e3,1,2,1
87,4ac518cef964a5200fa620e3,1,2,1
88,4ac518cef964a52013a620e3,4,2,0
89,4ac518cef964a52015a620e3,4,2,0
90,4ac518cef964a52018a620e3,1,1,0
91,4ac518cef964a52019a620e3,3,4,1
92,4ac518cef964a5201da620e3,5,10,1
93,4ac518cef964a52021a620e3,43,27,0
94,4ac518cef964a52022a620e3,10,4,0
95,4ac518cef964a52026a620e3,2,1,0
96,4ac518cef964a52029a620e3,1,3,1
97,4ac518cef964a520f3a520e3,1,3,1
98,4ac518cef964a520f5a520e3,13,11,0
99,4ac518cef964a520f6a520e3,45,28,0
100,4ac518cef964a520f7a520e3,18,13,0
101,4ac518cef964a520f8a520e3,22,25,1
102,4ac518cef964a520f9a520e3,51,27,0
103,4ac518cef964a520fba520e3,1,1,0
104,4ac518cef964a520fca520e3,23,4,0
105,4ac518cef964a520fea520e3,3,1,0
106,4ac518cff964a5204ea620e3,2,1,0
107,4ac518cff964a52053a620e3,2,1,0
108,4ac518cff964a52063a620e3,6,3,0
109,4ac518cff964a52065a620e3,24,8,0
110,4ac518cff964a5206ba620e3,17,11,0
111,4ac518d0f964a5207ea620e3,1,1,0
112,4ac518d0f964a52091a620e3,1,1,0
113,4ac518d0f964a52092a620e3,1,1,0
114,4ac518d0f964a52095a620e3,4,4,0
115,4ac518d0f964a52097a620e3,6,3,0
116,4ac518d0f964a52099a620e3,13,8,0
117,4ac518d0f964a5209ea620e3,1,1,0
118,4ac518d0f964a5209fa620e3,1,1,0
119,4ac518d1f964a520c3a620e3,21,17,0
120,4ac518d1f964a520cba620e3,1,1,0
121,4ac518d1f964a520d9a620e3,2,8,1
122,4ac518d1f964a520dca620e3,1,1,0
123,4ac518d1f964a520dfa620e3,2,1,0
124,4ac518d1f964a520e0a620e3,7,6,0
125,4ac518d1f964a520e6a620e3,40,18,0
126,4ac518d1f964a520fda620e3,1,1,0
127,4ac518d2f964a52007a720e3,2,1,0
128,4ac518d2f964a52010a720e3,2,1,0
129,4ac518d2f964a52024a720e3,1,2,1
130,4ac518d2f964a52026a720e3,44,38,0
131,4ac518d2f964a5202aa720e3,5,5,0
132,4ac518d2f964a5202fa720e3,3,4,1
133,4ac518d2f964a5203ba720e3,4,1,0
134,4ac518d2f964a5203ca720e3,3,1,0
135,4ac518d2f964a5203da720e3,26,14,0
136,4ac518d2f964a52045a720e3,1,1,0
137,4ac518d2f964a52047a720e3,10,3,0
138,4ac518d3f964a5204da720e3,9,4,0
139,4ac518d3f964a52054a720e3,1,2,1
140,4ac518d3f964a52062a720e3,1,1,0
141,4ac518d3f964a52067a720e3,2,3,1
142,4ac518d3f964a52076a720e3,29,19,0
143,4ac518d3f964a52078a720e3,4,1,0
144,4ac518d4f964a520aca720e3,1,1,0
145,4ac518dcf964a52029a920e3,1,1,0
146,4ac518ddf964a52064a920e3,2,1,0
147,4ac518dff964a52005aa20e3,2,1,0
148,4ac518e1f964a5205eaa20e3,1,2,1
149,4ac518e4f964a520dbaa20e3,1,1,0
150,4ac518e5f964a52001ab20e3,1,1,0
151,4ac518e7f964a52041ab20e3,4,1,0
152,4ac518e7f964a52044ab20e3,1,1,0
153,4ac518e7f964a52049ab20e3,1,2,1
154,4ac518e7f964a5204eab20e3,1,1,0
155,4ac518e7f964a52059ab20e3,2,1,0
156,4ac518e7f964a52060ab20e3,1,2,1
157,4ac518e7f964a52067ab20e3,4,3,0
158,4ac518e7f964a52070ab20e3,3,4,1
159,4ac518e8f964a52075ab20e3,8,6,0
160,4ac518e8f964a5207fab20e3,3,2,0
161,4ac518e8f964a52090ab20e3,1,1,0
162,4ac518e8f964a5209eab20e3,1,1,0
163,4ac518e8f964a520a4ab20e3,2,1,0
164,4ac518e8f964a520a5ab20e3,1,2,1
165,4ac518e8f964a520a9ab20e3,1,1,0
166,4ac518e8f964a520acab20e3,1,2,1
167,4ac518e9f964a520beab20e3,1,1,0
168,4ac518e9f964a520c5ab20e3,1,1,0
169,4ac518e9f964a520c7ab20e3,1,1,0
170,4ac518e9f964a520d3ab20e3,3,2,0
171,4ac518e9f964a520d4ab20e3,3,7,1
172,4ac518e9f964a520daab20e3,1,2,1
173,4ac518eaf964a52007ac20e3,11,48,1
174,4ac518ebf964a52020ac20e3,5,2,0
175,4ac518ebf964a5203aac20e3,1,1,0
176,4ac518ebf964a52047ac20e3,8,3,0
177,4ac518ebf964a52048ac20e3,1,1,0
178,4ac518ebf964a52049ac20e3,9,3,0
179,4ac518ecf964a52071ac20e3,6,3,0
180,4ac518ecf964a52072ac20e3,7,2,0
181,4ac518ecf964a52078ac20e3,13,6,0
182,4ac518ecf964a52083ac20e3,6,2,0
183,4ac518edf964a520b5ac20e3,4,5,1
184,4ac518edf964a520c1ac20e3,5,6,1
185,4ac518edf964a520c8ac20e3,2,2,0
186,4ac518eef964a52003ad20e3,4,3,0
187,4ac518eef964a5201bad20e3,1,1,0
188,4ac518eef964a5203dad20e3,1,1,0
189,4ac518eff964a52062ad20e3,2,2,0
190,4ac518eff964a52064ad20e3,14,4,0
191,4ac518eff964a5207bad20e3,2,1,0
192,4ac518f0f964a520afad20e3,7,5,0
193,4ac518f2f964a5207aae20e3,1,1,0
194,4ac518f2f964a52095ae20e3,2,1,0
195,4ac518f3f964a5209fae20e3,4,2,0
196,4ac518f3f964a520aaae20e3,2,2,0
197,4ac518f3f964a520bfae20e3,1,2,1
198,4ac518f3f964a520c6ae20e3,3,2,0
199,4ac518f4f964a520d9ae20e3,5,2,0
200,4ac518f4f964a520daae20e3,21,9,0
201,4ac518f4f964a520e9ae20e3,4,3,0
202,4ac518f4f964a520fbae20e3,5,6,1
203,4ac518f6f964a5203baf20e3,1,1,0
204,4ac518f6f964a5203eaf20e3,1,2,1
205,4ac518f6f964a52050af20e3,33,6,0
206,4ac518f6f964a52052af20e3,68,31,0
207,4ac518f6f964a5205baf20e3,2,1,0
208,4ac518f6f964a52065af20e3,2,3,1
209,4ac518f7f964a52096af20e3,3,1,0
210,4ac518f7f964a5209eaf20e3,4,1,0
211,4ac518f7f964a5209faf20e3,1,1,0
212,4ac518f7f964a520a3af20e3,1,46,1
213,4ac518f7f964a520c6af20e3,58,36,0
214,4ac518f8f964a52000b020e3,4,3,0
215,4ac518f8f964a520cfaf20e3,1,1,0
216,4ac518f8f964a520d2af20e3,1,1,0
217,4ac518f8f964a520d3af20e3,3,3,0
218,4ac518f8f964a520deaf20e3,1,1,0
219,4ac518f8f964a520f2af20e3,1,1,0
220,4ac518f9f964a5200fb020e3,4,2,0
221,4ac518faf964a5203cb020e3,1,1,0
222,4ac5268bf964a520abb020e3,1,1,0
223,4ac5b037f964a52067b220e3,4,2,0
224,4ac5bda6f964a5206cb220e3,4,2,0
225,4ac643b6f964a52072b320e3,5,1,0
226,4ac7998af964a5205bb820e3,4,1,0
227,4ac7a2caf964a520adb820e3,3,8,1
228,4ac8b2b4f964a5204cbc20e3,1,1,0
229,4acaf933f964a52031c320e3,9,10,1
230,4acafc06f964a52035c320e3,5,4,0
231,4acbc300f964a52058c520e3,101,46,0
232,4acd7f02f964a52034cc20e3,1,3,1
233,4acd8e7df964a52044cc20e3,97,53,0
234,4acd9febf964a52069cc20e3,3,4,1
235,4acda5bbf964a5207ecc20e3,5,4,0
236,4acda5c6f964a52080cc20e3,3,2,0
237,4acda8b1f964a5208ecc20e3,3,7,1
238,4acdaa10f964a52097cc20e3,1,1,0
239,4acdaa91f964a5209acc20e3,3,1,0
240,4acdabe2f964a5209fcc20e3,1,3,1
241,4acdb15ff964a520b4cc20e3,1,1,0
242,4acdb243f964a520b7cc20e3,24,14,0
243,4acdb37df964a520c0cc20e3,1,1,0
244,4acdb591f964a520c7cc20e3,3,2,0
245,4acdb974f964a520d2cc20e3,1,1,0
246,4acdc130f964a520eacc20e3,1,1,0
247,4acdc2d9f964a520f5cc20e3,2,1,0
248,4acdcb0df964a5200bcd20e3,10,2,0
249,4acdcd0ef964a52011cd20e3,2,1,0
250,4acdd0fbf964a5201acd20e3,4,2,0
251,4acdd490f964a5202bcd20e3,1,1,0
252,4acdd8cbf964a5203acd20e3,2,2,0
253,4acddcebf964a52050cd20e3,2,3,1
254,4acde617f964a52077cd20e3,2,1,0
255,4acde945f964a52084cd20e3,2,1,0
256,4acdeba7f964a5208bcd20e3,4,7,1
257,4acdede8f964a52098cd20e3,1,1,0
258,4acdf077f964a5209fcd20e3,1,1,0
259,4acdf4c0f964a520b0cd20e3,10,5,0
260,4acdffcff964a520d3cd20e3,1,2,1
261,4ace0a5df964a52007ce20e3,3,6,1
262,4ace0d61f964a52017ce20e3,1,2,1
263,4ace1360f964a5203ace20e3,10,4,0
264,4ace1361f964a5203bce20e3,14,2,0
265,4ace13acf964a5203ece20e3,4,1,0
266,4ace18a7f964a52062ce20e3,1,1,0
267,4ace1db2f964a5207fce20e3,6,3,0
268,4ace22e1f964a52099ce20e3,1,1,0
269,4ace25fff964a520b5ce20e3,1,1,0
270,4ace295ff964a520ccce20e3,27,31,1
271,4ace2fb1f964a520ecce20e3,6,4,0
272,4ace2fe8f964a520f0ce20e3,6,4,0
273,4ace3147f964a520f8ce20e3,5,1,0
274,4ace3173f964a520f9ce20e3,9,10,1
275,4ace3795f964a5201fcf20e3,3,2,0
276,4ace3a62f964a52039cf20e3,10,3,0
277,4ace4095f964a5206fcf20e3,4,2,0
278,4ace4417f964a5207bcf20e3,1,2,1
279,4ace481af964a5209acf20e3,2,1,0
280,4ace5469f964a520e5cf20e3,1,1,0
281,4ace553cf964a520efcf20e3,3,1,0
282,4ace5eecf964a5202ad020e3,3,2,0
283,4ace6d96f964a5207cd020e3,2,1,0
284,4ace79d0f964a520c9d020e3,5,1,0
285,4ace7da3f964a520ded020e3,1,1,0
286,4ace87abf964a5200fd120e3,1,2,1
287,4acee225f964a52002d220e3,2,3,1
288,4acee4fdf964a52006d220e3,1,1,0
289,4acee9a4f964a5200ed220e3,32,25,0
290,4acef0acf964a52016d220e3,1,1,0
291,4acefd5df964a52035d220e3,7,3,0
292,4acefee0f964a5203ad220e3,2,4,1
293,4acf1031f964a5205ad220e3,2,1,0
294,4acf1b4bf964a5206dd220e3,2,1,0
295,4acf1c94f964a52071d220e3,2,5,1
296,4acf3e3ef964a520dcd220e3,1,1,0
297,4acf5c05f964a52036d320e3,1,2,1
298,4acf61f4f964a52052d320e3,1,1,0
299,4acf6613f964a5206bd320e3,5,2,0
300,4acf786af964a520e6d320e3,10,7,0
301,4acf7f88f964a5201ed420e3,2,3,1
302,4acf9575f964a520b6d420e3,1,1,0
303,4ad03d4df964a520c1d720e3,3,4,1
304,4ad03fa4f964a520c4d720e3,4,1,0
305,4ad078a6f964a52026d820e3,4,3,0
306,4ad082f3f964a52048d820e3,7,3,0
307,4ad08393f964a52049d820e3,4,4,0
308,4ad08b28f964a52064d820e3,47,26,0
309,4ad090f1f964a52074d820e3,9,2,0
310,4ad09628f964a52095d820e3,1,1,0
311,4ad09694f964a52099d820e3,27,10,0
312,4ad09705f964a5209dd820e3,1,2,1
313,4ad0972ff964a520a0d820e3,1,1,0
314,4ad0aa76f964a520f5d820e3,6,4,0
315,4ad0b2e6f964a52033d920e3,1,1,0
316,4ad0b427f964a5203ad920e3,1,2,1
317,4ad0b8e9f964a5205fd920e3,7,4,0
318,4ad0c5dcf964a520b4d920e3,1,1,0
319,4ad0cba7f964a520ded920e3,3,1,0
320,4ad0de63f964a52093da20e3,7,7,0
321,4ad0f0a0f964a5205adb20e3,10,2,0
322,4ad0fe62f964a520ccdb20e3,1,1,0
323,4ad124fcf964a5200bdd20e3,1,1,0
324,4ad12f23f964a52054dd20e3,3,4,1
325,4ad1feb8f964a520bbde20e3,2,1,0
326,4ad24f09f964a520d3e020e3,1,3,1
327,4ad25c1bf964a52025e120e3,8,4,0
328,4ad26ce6f964a52091e120e3,3,3,0
329,4ad2c717f964a520ade220e3,1,1,0
330,4ad2db87f964a520bee220e3,1,1,0
331,4ad2de98f964a520c3e220e3,3,3,0
332,4ad2ec61f964a520d2e220e3,2,2,0
333,4ad2ef66f964a520d9e220e3,3,1,0
334,4ad2efb6f964a520dbe220e3,2,1,0
335,4ad30b02f964a52000e320e3,3,1,0
336,4ad31370f964a5200ce320e3,11,2,0
337,4ad31935f964a52013e320e3,2,2,0
338,4ad31fe1f964a52022e320e3,2,1,0
339,4ad33367f964a52064e320e3,5,2,0
340,4ad35de4f964a520fee320e3,2,2,0
341,4ad36684f964a5202ce420e3,2,1,0
342,4ad36864f964a52039e420e3,2,1,0
343,4ad373bcf964a5207ce420e3,2,2,0
344,4ad3774ef964a5208ee420e3,2,2,0
345,4ad3a45df964a5205be520e3,1,1,0
346,4ad3acf0f964a5208de520e3,1,1,0
347,4ad42a96f964a5205ce720e3,7,3,0
348,4ad42bccf964a5205fe720e3,1,1,0
349,4ad42c99f964a52062e720e3,9,1,0
350,4ad42f17f964a52066e720e3,3,1,0
351,4ad4354ef964a5206de720e3,1,2,1
352,4ad43591f964a5206ee720e3,6,3,0
353,4ad45cd3f964a520a4e720e3,2,1,0
354,4ad45d7af964a520a5e720e3,2,2,0
355,4ad45fd6f964a520ade720e3,4,1,0
356,4ad46619f964a520c1e720e3,2,1,0
357,4ad468fef964a520c9e720e3,1,1,0
358,4ad4a773f964a52083e820e3,5,4,0
359,4ad4b96df964a520e3e820e3,5,1,0
360,4ad4dc51f964a5204bfc20e3,2,3,1
361,4ad4f77af964a520040121e3,1,1,0
362,4ad58e2bf964a520210321e3,2,1,0
363,4ad5c39ff964a520650321e3,1,2,1
364,4ad5d66bf964a520af0321e3,1,2,1
365,4ad5ef05f964a5200a0421e3,3,1,0
366,4ad5f480f964a5202c0421e3,3,5,1
367,4ad5f82ef964a5203c0421e3,9,1,0
368,4ad5fca5f964a520530421e3,4,1,0
369,4ad615ccf964a520fe0421e3,2,1,0
370,4ad6176ff964a520080521e3,2,1,0
371,4ad61e4ef964a5202b0521e3,1,1,0
372,4ad61fd1f964a520330521e3,1,1,0
373,4ad63980f964a520d70521e3,3,3,0
374,4ad64197f964a5201d0621e3,10,6,0
375,4ad6445cf964a520350621e3,3,1,0
376,4ad64b39f964a5205e0621e3,1,1,0
377,4ad65d98f964a520cc0621e3,6,1,0
378,4ad6d3d4f964a5204b0821e3,1,4,1
379,4ad6f3eef964a520690821e3,1,1,0
380,4ad707f0f964a5207d0821e3,3,1,0
381,4ad70cf9f964a5208b0821e3,2,1,0
382,4ad71827f964a520a80821e3,2,1,0
383,4ad73a36f964a5200d0921e3,1,1,0
384,4ad75403f964a5208b0921e3,1,2,1
385,4ad755b0f964a5209a0921e3,1,1,0
386,4ad771a8f964a520890a21e3,7,1,0
387,4ad771e0f964a5208f0a21e3,1,3,1
388,4ad78c64f964a5200f0c21e3,2,1,0
389,4ad79cddf964a520c60c21e3,2,1,0
390,4ad7a04bf964a520fe0c21e3,2,1,0
391,4ad7a4f6f964a5202d0d21e3,4,1,0
392,4ad7ed82f964a520241021e3,11,1,0
393,4ad7ee3bf964a520291021e3,1,2,1
394,4ad80a2cf964a5209d1021e3,2,3,1
395,4ad835a6f964a520e01021e3,1,1,0
396,4ad84286f964a520ee1021e3,3,1,0
397,4ad85fb3f964a5201f1121e3,1,1,0
398,4ad86cedf964a520521121e3,4,2,0
399,4ad8a915f964a520621321e3,4,3,0
400,4ad8af64f964a520b81321e3,20,15,0
401,4ad8ba95f964a520161421e3,8,9,1
402,4ad8c647f964a520851421e3,1,1,0
403,4ad8c955f964a520a01421e3,1,2,1
404,4ad8d0abf964a520ed1421e3,1,1,0
405,4ad8e9baf964a520eb1521e3,2,2,0
406,4ad900bcf964a520031721e3,1,2,1
407,4ad98d75f964a520471a21e3,3,1,0
408,4ad9a8acf964a5205f1a21e3,4,2,0
409,4ad9b52af964a5207a1a21e3,2,1,0
410,4ad9b7e4f964a520851a21e3,2,1,0
411,4ad9dc27f964a520601b21e3,1,1,0
412,4ad9ebdcf964a520e51b21e3,2,1,0
413,4ada5409f964a5205c2121e3,1,3,1
414,4ada5b7df964a520c92121e3,6,1,0
415,4ada5bc6f964a520cd2121e3,1,1,0
416,4adb280bf964a520932421e3,1,2,1
417,4adb38ddf964a520002521e3,2,1,0
418,4adb5c6ff964a5206b2621e3,6,3,0
419,4adb5f4af964a520912621e3,3,2,0
420,4adb7057f964a5207b2721e3,2,2,0
421,4adb8c48f964a520df2821e3,1,1,0
422,4adbb0fff964a5200e2a21e3,1,1,0
423,4adc4b7df964a520ab2b21e3,1,1,0
424,4adc5eb1f964a520e32b21e3,1,2,1
425,4adc798df964a520862c21e3,5,1,0
426,4adce61df964a5205d6221e3,4,1,0
427,4add5a40f964a520e76421e3,4,9,1
428,4ade3135f964a520c87321e3,5,2,0
429,4adec004f964a520b77621e3,5,1,0
430,4adec023f964a520b87621e3,1,1,0
431,4aded2f9f964a520c57621e3,1,1,0
432,4aded6b0f964a520cf7621e3,1,1,0
433,4adf0b09f964a5203c7721e3,6,1,0
434,4adf0fabf964a520577721e3,1,1,0
435,4adf14d5f964a5206d7721e3,2,2,0
436,4adf266af964a520df7721e3,5,2,0
437,4adf3f57f964a520ad7821e3,16,3,0
438,4adf4587f964a520f87821e3,1,1,0
439,4adf4fb8f964a520507921e3,4,1,0
440,4adf542cf964a5207c7921e3,3,2,0
441,4adf5507f964a520867921e3,3,1,0
442,4adf8a61f964a520947b21e3,1,3,1
443,4ae02185f964a5203f7e21e3,1,3,1
444,4ae0bfeaf964a520238221e3,1,2,1
445,4ae14db4f964a520e48521e3,2,1,0
446,4ae187d8f964a5203b8621e3,5,4,0
447,4ae19c48f964a520668621e3,5,1,0
448,4ae19e32f964a520708621e3,6,1,0
449,4ae1bdd5f964a520148721e3,1,1,0
450,4ae2252ef964a5202c8b21e3,4,2,0
451,4ae2d3ddf964a5207d8f21e3,1,1,0
452,4ae2d9f8f964a5208d8f21e3,10,11,1
453,4ae2e136f964a5209d8f21e3,7,2,0
454,4ae3182ef964a520689021e3,1,1,0
455,4ae3363df964a520b79121e3,1,1,0
456,4ae35413f964a5207f9321e3,4,2,0
457,4ae4602ff964a520319a21e3,1,2,1
458,4ae470f4f964a5209b9a21e3,6,1,0
459,4ae48550f964a5203e9b21e3,4,1,0
460,4ae4a8b1f964a520de9c21e3,2,1,0
461,4ae4c556f964a520fc9d21e3,5,3,0
462,4ae59a5df964a52006a121e3,2,1,0
463,4ae5b238f964a52087a121e3,33,12,0
464,4ae5c52df964a520e6a121e3,3,1,0
465,4ae5c61ff964a520efa121e3,2,1,0
466,4ae5ebbff964a5202ca321e3,4,2,0
467,4ae5f7b7f964a5209ba321e3,4,3,0
468,4ae5fe24f964a520dfa321e3,3,3,0
469,4ae6dd87f964a52060a721e3,4,1,0
470,4ae7498ef964a52011aa21e3,2,1,0
471,4ae811e5f964a5200cae21e3,3,1,0
472,4ae83e74f964a5204bae21e3,61,41,0
473,4ae89dbaf964a520e3b021e3,3,2,0
474,4ae89dc6f964a520e4b021e3,1,2,1
475,4ae8b043f964a52076b121e3,3,3,0
476,4ae982def964a520f7b421e3,1,1,0
477,4ae9970cf964a5203bb521e3,11,4,0
478,4ae99903f964a52044b521e3,1,1,0
479,4ae9aad0f964a52093b521e3,2,3,1
480,4ae9aca2f964a5209fb521e3,2,1,0
481,4aea9a49f964a520f4bb21e3,9,1,0
482,4aeaec3af964a520aebc21e3,3,2,0
483,4aeaec71f964a520b1bc21e3,4,1,0
484,4aeb0da7f964a520a0bd21e3,1,1,0
485,4aeb3a10f964a520d8bf21e3,2,2,0
486,4aeb3d5ef964a520ffbf21e3,1,1,0
487,4aec080af964a5203ec521e3,1,1,0
488,4aec429df964a520bac521e3,4,2,0
489,4aec5851f964a52030c621e3,2,1,0
490,4aec76dcf964a52070c721e3,2,1,0
491,4aee1862f964a52004d221e3,1,1,0
492,4aef26ddf964a52019d621e3,29,15,0
493,4aeffc1ef964a5206eda21e3,1,1,0
494,4aefffa5f964a52075da21e3,3,1,0
495,4af06e30f964a520f4db21e3,2,1,0
496,4af0927bf964a5204fdd21e3,10,3,0
497,4af1a842f964a520e5e121e3,2,3,1
498,4af2066af964a52040e521e3,4,4,0
499,4af33684f964a520c7eb21e3,82,51,0
500,4af45b23f964a520a2f121e3,1,1,0
501,4af472a4f964a52088f221e3,1,1,0
502,4af47862f964a520d6f221e3,65,38,0
503,4af47c45f964a52004f321e3,2,2,0
504,4af4b141f964a52020f521e3,6,1,0
505,4af4c4cdf964a520fcf521e3,1,1,0
506,4af59b56f964a52040fa21e3,10,3,0
507,4af6cb03f964a520810322e3,1,1,0
508,4af70dd4f964a520410522e3,1,1,0
509,4af7f7c5f964a5209e0a22e3,4,1,0
510,4af8a7f7f964a520fc0e22e3,1,2,1
511,4af93162f964a520201122e3,8,3,0
512,4af9a507f964a520d41222e3,1,1,0
513,4af9a82df964a520fd1222e3,6,4,0
514,4af9c93bf964a520381422e3,6,3,0
515,4afabdf6f964a520761822e3,2,1,0
516,4afad23cf964a520d21822e3,1,1,0
517,4afae799f964a520791922e3,1,1,0
518,4afb35c0f964a5201b1c22e3,1,1,0
519,4afb5874f964a5202a1d22e3,2,1,0
520,4afc6d71f964a520942222e3,1,1,0
521,4afc9a04f964a5204c2422e3,1,4,1
522,4afd3d54f964a520232722e3,7,3,0
523,4afd424cf964a5202e2722e3,7,2,0
524,4afd437bf964a520312722e3,2,4,1
525,4afee58af964a520553122e3,2,2,0
526,4afff888f964a520623a22e3,3,1,0
527,4b00460bf964a520373c22e3,2,1,0
528,4b006e16f964a520213e22e3,1,1,0
529,4b01b6fdf964a520ce4422e3,1,1,0
530,4b029e33f964a520194922e3,1,1,0
531,4b03382df964a520a74d22e3,4,52,1
532,4b03426ff964a520074e22e3,4,2,0
533,4b03fd3bf964a520c85022e3,3,2,0
534,4b044900f964a520e05222e3,1,1,0
535,4b0503d6f964a520075722e3,4,1,0
536,4b069278f964a5204aed22e3,2,1,0
537,4b06b88ef964a52018ef22e3,1,1,0
538,4b06c80ff964a52023f022e3,4,1,0
539,4b072d9ef964a520ecf822e3,1,1,0
540,4b07c83ef964a520fcff22e3,1,1,0
541,4b083987f964a520b40623e3,1,3,1
542,4b09b719f964a5203c1c23e3,1,2,1
543,4b0a52daf964a5203e2323e3,5,3,0
544,4b0a551ef964a5204d2323e3,5,3,0
545,4b0b42e4f964a520992f23e3,1,1,0
546,4b0b8f7cf964a520483223e3,1,1,0
547,4b0bab77f964a520f53223e3,1,1,0
548,4b0bca10f964a520a73323e3,1,2,1
549,4b0bf426f964a5200e3523e3,8,2,0
550,4b0c0e35f964a520303623e3,1,1,0
551,4b0c1159f964a520633623e3,2,7,1
552,4b0c377cf964a520103923e3,2,1,0
553,4b0c3d19f964a520803923e3,3,2,0
554,4b0c3fedf964a520bf3923e3,1,1,0
555,4b0d3aecf964a520de4423e3,2,1,0
556,4b0e5269f964a520cd5623e3,6,6,0
557,4b0e9c55f964a520ea5823e3,1,1,0
558,4b0eb88ef964a520135a23e3,15,2,0
559,4b0ec6f7f964a520e25a23e3,1,1,0
560,4b0ed365f964a520985b23e3,1,1,0
561,4b0fce4ff964a520196523e3,2,3,1
562,4b0fe3f8f964a520e56523e3,1,2,1
563,4b101f53f964a5207a6923e3,2,3,1
564,4b10f3f0f964a520f37623e3,5,1,0
565,4b11012bf964a5205d7723e3,2,3,1
566,4b114284f964a520657923e3,11,4,0
567,4b1290d5f964a520da8a23e3,8,4,0
568,4b13818cf964a520729723e3,1,4,1
569,4b13ef42f964a520a19a23e3,4,1,0
570,4b141334f964a520de9c23e3,5,2,0
571,4b14df52f964a5202aa723e3,2,1,0
572,4b14fe29f964a520b1a723e3,2,2,0
573,4b167b7cf964a52091b923e3,3,2,0
574,4b17ee62f964a520d5c923e3,6,7,1
575,4b18a0a0f964a520c5d423e3,2,3,1
576,4b1a1fbaf964a520a7e723e3,1,1,0
577,4b1a6d56f964a52039ea23e3,1,1,0
578,4b1a97b7f964a520ffec23e3,12,8,0
579,4b1aa13df964a520daed23e3,2,1,0
580,4b1ab25af964a5209eef23e3,4,4,0
581,4b1bc10ef964a5201efd23e3,1,2,1
582,4b1c0375f964a520b30024e3,5,1,0
583,4b1cf943f964a520d80a24e3,1,3,1
584,4b1d4060f964a520a80d24e3,1,1,0
585,4b1e1a0df964a5206d1724e3,2,1,0
586,4b1e6995f964a520b31924e3,3,3,0
587,4b21114bf964a5208f3624e3,2,1,0
588,4b228afef964a520b54824e3,2,1,0
589,4b233922f964a520785424e3,6,4,0
590,4b23f936f964a520275e24e3,1,1,0
591,4b263d52f964a520767924e3,5,1,0
592,4b268d2af964a520627d24e3,2,1,0
593,4b27a391f964a5200a8824e3,19,236,1
594,4b280aeef964a5201d8e24e3,1,1,0
595,4b28fe33f964a520179724e3,1,1,0
596,4b2a9407f964a520beab24e3,1,2,1
597,4b2ab1a1f964a520cdad24e3,1,1,0
598,4b2b3630f964a5201fb524e3,3,3,0
599,4b2b4868f964a5208cb524e3,3,2,0
600,4b2b8c18f964a5206db724e3,1,1,0
601,4b2bd0d9f964a52099bb24e3,1,1,0
602,4b2cd4c4f964a520a9c924e3,3,2,0
603,4b2d3d66f964a52001d224e3,3,2,0
604,4b2d3e09f964a52011d224e3,1,1,0
605,4b2e246ef964a520f9dc24e3,6,5,0
606,4b2e6888f964a520a3df24e3,1,1,0
607,4b2f71d7f964a52070eb24e3,7,4,0
608,4b336e66f964a520611925e3,1,4,1
609,4b34a764f964a520302825e3,1,2,1
610,4b34b457f964a520532825e3,6,146,1
611,4b360dbcf964a520e02f25e3,1,1,0
612,4b374ee1f964a5205d4025e3,1,2,1
613,4b3799ccf964a520d64225e3,1,1,0
614,4b37a9daf964a520dd4325e3,4,2,0
615,4b37e675f964a520414825e3,1,1,0
616,4b3a83b1f964a5201c6925e3,1,1,0
617,4b3c6cf0f964a520648425e3,1,1,0
618,4b3cb4c9f964a5205c8625e3,2,3,1
619,4b3cd97bf964a520358825e3,11,6,0
620,4b3e7ca8f964a520de9d25e3,1,1,0
621,4b3f5889f964a520c2a525e3,6,3,0
622,4b3f6928f964a5207fa625e3,1,1,0
623,4b3fa82cf964a5206cab25e3,1,1,0
624,4b3fb763f964a52011ad25e3,1,3,1
625,4b406986f964a52012b825e3,1,3,1
626,4b407ea6f964a5208ab825e3,2,1,0
627,4b409606f964a52025b925e3,1,3,1
628,4b4188b9f964a5205fc725e3,6,4,0
629,4b41f00df964a52071ca25e3,5,1,0
630,4b431692f964a52022dc25e3,4,1,0
631,4b432c31f964a520c3dc25e3,3,1,0
632,4b4373b4f964a520a0e025e3,3,1,0
633,4b43d8f8f964a520edeb25e3,3,2,0
634,4b4559bcf964a520190b26e3,3,3,0
635,4b457611f964a520f70c26e3,1,2,1
636,4b4635a1f964a5201c1a26e3,3,3,0
637,4b473184f964a520a62c26e3,1,1,0
638,4b4756c6f964a520432f26e3,10,2,0
639,4b47592ff964a5207a2f26e3,6,4,0
640,4b48c99ef964a520ee5626e3,8,8,0
641,4b48e71ff964a520945c26e3,1,1,0
642,4b48f3fdf964a520255f26e3,1,1,0
643,4b49e30af964a520647526e3,2,1,0
644,4b4a25fcf964a5205b7c26e3,1,5,1
645,4b4a47e0f964a520218226e3,2,1,0
646,4b4aee68f964a520f08f26e3,2,1,0
647,4b4b47f5f964a520609626e3,1,2,1
648,4b4c4cd7f964a520b1b026e3,2,1,0
649,4b4dbf69f964a520b9d626e3,1,1,0
650,4b4dd54df964a520ebd826e3,1,1,0
651,4b4f1d33f964a52095fa26e3,1,2,1
652,4b4f70d2f964a520b80627e3,2,2,0
653,4b4f7802f964a520e60727e3,1,1,0
654,4b5061def964a520cb2127e3,1,3,1
655,4b509875f964a520bc2827e3,1,1,0
656,4b50ff3df964a520a93c27e3,1,2,1
657,4b51cc2df964a520f05527e3,2,3,1
658,4b51ea32f964a5201e5b27e3,1,1,0
659,4b51f187f964a520925c27e3,3,1,0
660,4b520cd2f964a5201d6427e3,1,1,0
661,4b52fb99f964a520f08b27e3,1,1,0
662,4b530b82f964a520608d27e3,2,2,0
663,4b531253f964a520188e27e3,1,1,0
664,4b532052f964a520a78f27e3,6,2,0
665,4b5437bcf964a520ccb427e3,5,6,1
666,4b5469f8f964a52064ba27e3,17,8,0
667,4b54b49af964a52017c827e3,1,1,0
668,4b54b78bf964a520a8c827e3,27,9,0
669,4b55f711f964a5204af927e3,2,1,0
670,4b564cf5f964a5200e0a28e3,8,4,0
671,4b56dcbcf964a5205a1d28e3,2,2,0
672,4b5705cbf964a5203f2328e3,5,1,0
673,4b570cf8f964a520642428e3,1,1,0
674,4b5752f7f964a5206c3128e3,1,1,0
675,4b581777f964a520af4a28e3,1,4,1
676,4b581a25f964a520f44a28e3,2,1,0
677,4b5864abf964a520c05528e3,1,1,0
678,4b588fa2f964a5201d5e28e3,1,1,0
679,4b59b5b5f964a5200e9428e3,2,1,0
680,4b5a3a67f964a520d7b528e3,1,1,0
681,4b5ad536f964a52099d628e3,1,1,0
682,4b5b03aff964a520efde28e3,1,1,0
683,4b5b0aa7f964a52061e028e3,2,2,0
684,4b5b1c8ef964a520e2e328e3,1,1,0
685,4b5b3862f964a52028ec28e3,2,2,0
686,4b5b6769f964a52058fb28e3,5,9,1
687,4b5c37a7f964a5209a2729e3,1,2,1
688,4b5c5a57f964a520192c29e3,1,1,0
689,4b5c5ae4f964a520292c29e3,5,1,0
690,4b5c6710f964a520242e29e3,1,3,1
691,4b5c746ff964a520b43029e3,1,2,1
692,4b5c8156f964a520363329e3,1,1,0
693,4b5cb25af964a5200c3f29e3,1,2,1
694,4b5d8f4af964a5207e6129e3,3,1,0
695,4b5dad94f964a520636629e3,6,1,0
696,4b5dee57f964a520767429e3,8,3,0
697,4b5ed5d4f964a520619a29e3,12,10,0
698,4b5ee7b9f964a520509d29e3,3,1,0
699,4b5f5f31f964a5209eb629e3,1,2,1
700,4b6016a3f964a52076d529e3,4,2,0
701,4b604506f964a520dcdc29e3,2,1,0
702,4b60450af964a520dfdc29e3,1,1,0
703,4b6189d5f964a52054172ae3,2,1,0
704,4b618ab6f964a5207c172ae3,2,1,0
705,4b6196e7f964a5200e192ae3,2,1,0
706,4b619964f964a52082192ae3,1,1,0
707,4b629f1bf964a520194d2ae3,3,2,0
708,4b62dc51f964a520f6552ae3,2,2,0
709,4b6432cbf964a520a9a32ae3,1,3,1
710,4b6446c4f964a520e3a72ae3,1,1,0
711,4b644ab1f964a520c6a82ae3,1,2,1
712,4b645c6bf964a52041ad2ae3,3,2,0
713,4b64680cf964a520a8b02ae3,1,1,0
714,4b655f6bf964a520c2ee2ae3,2,1,0
715,4b65812df964a520adf22ae3,1,3,1
716,4b668e3ef964a5201f242be3,3,1,0
717,4b686817f964a52088762be3,2,1,0
718,4b68aba5f964a52035862be3,5,4,0
719,4b6ace94f964a5203ce12be3,4,4,0
720,4b6afe60f964a5204deb2be3,3,4,1
721,4b6be58ef964a520d41b2ce3,1,5,1
722,4b6bea84f964a520721c2ce3,1,1,0
723,4b6bebd5f964a520a21c2ce3,1,1,0
724,4b6c36eaf964a520d7292ce3,8,5,0
725,4b6c5634f964a520b0312ce3,1,1,0
726,4b6c5879f964a5205d322ce3,1,1,0
727,4b6c7629f964a520133c2ce3,1,2,1
728,4b6c7782f964a520713c2ce3,1,2,1
729,4b6cb221f964a520f04c2ce3,1,2,1
730,4b6d77b1f964a52067762ce3,1,1,0
731,4b6d9252f964a5204b7d2ce3,1,2,1
732,4b6d9342f964a520877d2ce3,2,2,0
733,4b6da991f964a5203c842ce3,1,2,1
734,4b6ecaa7f964a520bbca2ce3,1,1,0
735,4b6efd4bf964a52010d52ce3,3,1,0
736,4b703685f964a520f00b2de3,4,1,0
737,4b70510cf964a52028122de3,1,3,1
738,4b7056eef964a520da132de3,1,1,0
739,4b71277ff964a5205c3b2de3,2,2,0
740,4b72fb14f964a520ae932de3,4,3,0
741,4b7409f8f964a520f7c42de3,3,1,0
742,4b75932df964a52058152ee3,3,16,1
743,4b75b7d8f964a520711f2ee3,1,1,0
744,4b76d450f964a5205e622ee3,3,1,0
745,4b76e42cf964a520ba672ee3,5,1,0
746,4b7979bff964a5205ffb2ee3,21,9,0
747,4b7c007af964a520e5772fe3,5,2,0
748,4b7c184ef964a520967c2fe3,4,3,0
749,4b7c1a5ef964a520137d2fe3,3,2,0
750,4b7c3e14f964a520d0862fe3,3,1,0
751,4b7c842ef964a52038982fe3,5,1,0
752,4b7d3435f964a5209eb22fe3,2,3,1
753,4b7daaeff964a52075cd2fe3,1,2,1
754,4b7e185bf964a52090e22fe3,1,1,0
755,4b7e5255f964a52076e92fe3,5,1,0
756,4b7e8b1bf964a520eef12fe3,2,2,0
757,4b7ef87cf964a520410d30e3,1,1,0
758,4b7f13d4f964a520d11430e3,1,1,0
759,4b7ffcd1f964a520e94830e3,4,2,0
760,4b80032ef964a520a84a30e3,1,1,0
761,4b801f80f964a520375430e3,7,3,0
762,4b802783f964a520595730e3,5,2,0
763,4b811aadf964a520e89630e3,2,1,0
764,4b8146dbf964a520439d30e3,1,1,0
765,4b81484bf964a5207b9d30e3,1,1,0
766,4b8240dff964a5203cce30e3,1,1,0
767,4b828b35f964a5208fd730e3,2,1,0
768,4b843661f964a520d62731e3,1,1,0
769,4b845a67f964a5205b3031e3,2,1,0
770,4b864937f964a520b58431e3,5,1,0
771,4b86c729f964a520969c31e3,3,3,0
772,4b86e8e6f964a52061a531e3,3,4,1
773,4b895770f964a520202d32e3,1,2,1
774,4b89ec5ef964a5208b5632e3,3,1,0
775,4b8a7441f964a520666d32e3,1,1,0
776,4b8a90cef964a5208b7232e3,1,1,0
777,4b8aaf57f964a520aa7932e3,5,2,0
778,4b8bbb69f964a520cba832e3,1,6,1
779,4b8cd1ebf964a52012de32e3,2,1,0
780,4b8d5c67f964a520eff632e3,1,1,0
781,4b8e21def964a520341933e3,3,2,0
782,4b8e30f5f964a520ec1a33e3,1,1,0
783,4b8e3181f964a520021b33e3,1,1,0
784,4b8e66c7f964a520e62033e3,1,1,0
785,4b8fc326f964a520e56033e3,1,1,0
786,4b9029f3f964a5208a7933e3,1,2,1
787,4b90c48bf964a520c29633e3,1,4,1
788,4b911beaf964a5203ea433e3,5,1,0
789,4b926847f964a5205af733e3,8,3,0
790,4b927595f964a52023fb33e3,1,1,0
791,4b928b30f964a520c30234e3,1,1,0
792,4b92f8e2f964a520842b34e3,1,1,0
793,4b93c146f964a520fe4f34e3,3,4,1
794,4b93c654f964a520045134e3,1,1,0
795,4b940d56f964a520606434e3,1,1,0
796,4b94e47ef964a520b58634e3,1,1,0
797,4b954229f964a520889834e3,2,1,0
798,4b956227f964a520b59f34e3,1,1,0
799,4b964063f964a52068c234e3,2,2,0
800,4b965937f964a52065c734e3,1,1,0
801,4b9685cef964a520f9d134e3,1,2,1
802,4b96b2bbf964a520c2de34e3,11,9,0
803,4b97b160f964a5200c1035e3,1,1,0
804,4b97b8e0f964a520c81135e3,8,3,0
805,4b97ba48f964a520201235e3,6,4,0
806,4b97e81df964a520681e35e3,2,2,0
807,4b994269f964a520516e35e3,6,2,0
808,4b9a4eb0f964a5202bab35e3,1,2,1
809,4b9bed0df964a520a63636e3,1,1,0
810,4b9cb067f964a5207c7636e3,1,1,0
811,4b9e1272f964a52031c936e3,4,1,0
812,4b9e3647f964a52031d236e3,2,3,1
813,4b9e7bb3f964a520ece736e3,4,2,0
814,4b9f754cf964a520e82337e3,1,1,0
815,4ba13f52f964a520b7a537e3,3,1,0
816,4ba16595f964a5206fb337e3,4,3,0
817,4ba23295f964a5201fe337e3,7,1,0
818,4ba25fedf964a52099f237e3,3,1,0
819,4ba33c63f964a5201b3138e3,1,1,0
820,4ba38300f964a520394338e3,1,2,1
821,4ba3c322f964a5208a5c38e3,10,8,0
822,4ba3c58af964a520875d38e3,2,1,0
823,4ba49d59f964a52081a738e3,1,1,0
824,4ba5fd44f964a5200c2d39e3,2,2,0
825,4ba6419bf964a520b23f39e3,12,5,0
826,4ba64244f964a520f83f39e3,6,2,0
827,4ba868f3f964a52003da39e3,1,1,0
828,4ba878e5f964a52057dc39e3,13,8,0
829,4ba8d13df964a5204cf139e3,2,1,0
830,4ba90a66f964a520fa053ae3,1,1,0
831,4ba95c9ef964a520fc213ae3,6,4,0
832,4ba9f920f964a520d6403ae3,1,2,1
833,4baa01e9f964a5204d433ae3,1,1,0
834,4baa3de8f964a520de563ae3,1,1,0
835,4baa5b51f964a5208c623ae3,6,1,0
836,4baaa7f4f964a5205b7d3ae3,1,3,1
837,4bab5c48f964a5204ca33ae3,1,2,1
838,4bab5eaaf964a52018a43ae3,5,5,0
839,4bac5caef964a520e5f13ae3,4,2,0
840,4bacc707f964a520720b3be3,1,1,0
841,4bacdb56f964a52082123be3,1,2,1
842,4bacfe8df964a52059223be3,1,1,0
843,4bad0125f964a52075233be3,2,1,0
844,4bad220ff964a52002313be3,1,1,0
845,4badfc5af964a5202e783be3,5,5,0
846,4bae8164f964a52091ba3be3,1,1,0
847,4baf51b1f964a5209cf73be3,2,2,0
848,4bafa216f964a52006123ce3,1,1,0
849,4bafbdb3f964a520cf1c3ce3,1,1,0
850,4bb0cdbbf964a5206d5e3ce3,3,3,0
851,4bb1977ef964a5200c9b3ce3,4,3,0
852,4bb22184f964a52095bb3ce3,3,1,0
853,4bb22b27f964a5209cbf3ce3,1,3,1
854,4bb317072397b713dab537b3,7,2,0
855,4bb44578643cd13ab492395c,2,3,1
856,4bb57201f562ef3b7e062f97,1,3,1
857,4bb6036e2ea195210500ab2f,3,3,0
858,4bb78c59314e95210a49479d,1,1,0
859,4bb84cca53649c742df046fb,1,1,0
860,4bb8fad5cf2fc9b6a819a002,2,3,1
861,4bb9c374935e95215d532790,3,3,0
862,4bb9c73e53649c74a43948fb,4,4,0
863,4bb9cb78b35776b07024ca01,1,2,1
864,4bb9ec561261d13a01fce998,1,1,0
865,4bba1a813db7b713a7e5229a,1,1,0
866,4bba1c3b98c7ef3be2b43202,1,1,0
867,4bbae6c8b35776b06e69cb01,1,1,0
868,4bbb24cab35776b03595cb01,1,1,0
869,4bbb25183db7b71357f4239a,1,1,0
870,4bbb31e8935e952145dc2890,1,1,0
871,4bbb33a83db7b7136906249a,3,2,0
872,4bbc48d0e4529521bcba55a4,1,2,1
873,4bbc71beafe1b713ff5b304b,1,1,0
874,4bbcd49fa8cf76b09703b1fd,1,1,0
875,4bbdd5a9593fef3bd8de0356,8,1,0
876,4bbdd705a0a0c9b6010b1c0f,1,1,0
877,4bbde254f57ba5937390aeb9,1,1,0
878,4bbdfb518ec3d13a0db41c28,1,1,0
879,4bbe11818a4fb71362cb3d9d,3,1,0
880,4bbe13e3a0a0c9b687701c0f,1,1,0
881,4bbf603b98f49521d389d263,1,1,0
882,4bc0539e920eb71357ca182c,5,1,0
883,4bc0bafeb492d13a46c0a460,2,1,0
884,4bc0bd6d4cdfc9b62b5f9321,2,1,0
885,4bc1c67b2a89ef3bd8b2f288,1,2,1
886,4bc1d862abf495218381c193,2,2,0
887,4bc220d84cdfc9b6e49a9521,1,3,1
888,4bc2e4482a89ef3b894cf488,1,1,0
889,4bc31347abf49521ff35c393,1,1,0
890,4bc3625474a9a5935d77d4f6,1,1,0
891,4bc3968a461576b044db7e32,2,1,0
892,4bc43d8b920eb71319771e2c,1,1,0
893,4bc47dd5b492d13ad710aa60,1,1,0
894,4bc5b7fa6a3e9c74422df648,3,1,0
895,4bc6005242419521ca66031d,2,1,0
896,4bc606e5bf29c9b6781ef92a,1,1,0
897,4bc71f3d0050b713260bb83b,3,1,0
898,4bc7421d92b376b01b554f3a,2,1,0
899,4bc78a9293bdeee1407f37ae,1,1,0
900,4bc78e20af07a59348697f2d,1,1,0
901,4bc82484af07a593b366802d,1,1,0
902,4bc863ee0050b713813cba3b,1,2,1
903,4bc870092f94d13a318e137f,1,1,0
904,4bc875b5af07a59371dd802d,7,3,0
905,4bc8c4d7ab62d13a76fd17d4,3,1,0
906,4bc9cd8cb6c49c7458f88e91,1,1,0
907,4bc9eb79511f9521e585aec7,1,1,0
908,4bca0ac90687ef3bf51bdbcc,3,3,0
909,4bcb44f2937ca593702ea992,1,1,0
910,4bcc08273740b7139c756365,51,28,0
911,4bcc8246fb84c9b61778203e,1,1,0
912,4bcd5c31511f95215d90b4c7,1,1,0
913,4bcd61c3cc8cd13a0a85c2cf,14,3,0
914,4bcd624f511f95215d95b4c7,1,1,0
915,4bcda3b4937ca5932c01ad92,3,1,0
916,4bcda41b68f976b08e826483,1,1,0
917,4bcdf67ecc8cd13ad679c3cf,1,1,0
918,4bceb0ac937ca59356f0ae92,1,1,0
919,4bcef8e2fb84c9b6728e243e,2,1,0
920,4bcf4120046076b0f3f06d71,1,3,1
921,4bcf5075462cb713d677d607,2,3,1
922,4bcf60e70ffdce727e69b2c0,2,1,0
923,4bd0421b9854d13a8d53f74d,1,1,0
924,4bd0432a9854d13a6855f74d,4,3,0
925,4bd07820462cb7137561d807,2,3,1
926,4bd195aa9854d13a9abff94d,14,12,0
927,4bd1a6eb046076b0fa277271,6,1,0
928,4bd1bc44a8b3a593b33a665f,1,1,0
929,4bd1c73ba8b3a593a055665f,5,2,0
930,4bd2683ca8b3a593f4f7675f,6,1,0
931,4bd2adeda8b3a593d962685f,1,1,0
932,4bd2b82c41b9ef3b7ba0fee5,5,7,1
933,4bd2dd7fcaff95210588d3f0,1,1,0
934,4bd2e22b9854d13a046efc4d,3,2,0
935,4bd2f0679854d13ae483fc4d,1,1,0
936,4bd2fa6641b9ef3becf7fee5,5,5,0
937,4bd317c977b29c74c0e28f82,1,1,0
938,4bd431c3caff95215d4bd6f0,11,3,0
939,4bd43a47caff9521d654d6f0,4,3,0
940,4bd44ef49854d13ac051ff4d,2,1,0
941,4bd55d297b1876b0709d8a86,1,1,0
942,4bd68e374e32d13ae2d6c280,1,1,0
943,4bd6aa327b1876b04cd78c86,1,39,1
944,4bd6d02f6f649521e35671ec,1,1,0
945,4bd72c54304fce727d2c33ab,4,1,0
946,4bd750bab5409521c0c06962,1,1,0
947,4bd756ca09ecb713a5a2467c,8,2,0
948,4bd860ec5cf276b084129d00,1,3,1
949,4bd865455cf276b0c61e9d00,7,5,0
950,4bd94ad80115c9b6b7e67680,1,1,0
951,4bd952280115c9b675f47680,4,2,0
952,4bd9582c0115c9b6ceff7680,3,1,0
953,4bd9e1f70ef39c74879f1d2d,1,2,1
954,4bda945c63c5c9b6336a2468,5,3,0
955,4bdabd82c79cc92854897fe9,2,1,0
956,4bdad7a963c5c9b662242568,2,1,0
957,4bdae1afc79cc928831380e9,1,1,0
958,4bdafe52c79cc928548e80e9,2,1,0
959,4bdb0e38c79cc928b9e580e9,1,1,0
960,4bdc03f93904a593d3a34c9e,1,1,0
961,4bdc9612c79cc928ae3d87e9,1,3,1
962,4bdd469b645e0f47b6366b19,7,5,0
963,4bddba94ffdec928b92ce6a1,1,2,1
964,4bdeba1d6198c9b6119914ff,1,1,0
965,4bdec9150d69b713580266d3,4,3,0
966,4be1b8baedbb0f478175a615,2,1,0
967,4be1c53c4283c9b6066f54f8,2,1,0
968,4be2c0dfee0062b5825bb3c8,6,9,1
969,4be2f90721d5a5938cd01711,1,1,0
970,4be3ebae2fc7d13a749d083a,1,1,0
971,4be3f1c42fc7d13a2a9e083a,5,4,0
972,4be3f2402fc7d13a429e083a,4,2,0
973,4be42b362468c928005dfe42,5,10,1
974,4be458d9910020a1e894d114,1,1,0
975,4be52e42910020a160b5d214,1,3,1
976,4be565d95254d13a038460e1,1,3,1
977,4be572c12457a5939e74ab15,8,1,0
978,4be5a870d4f7c9b6b6b32520,4,6,1
979,4be6f5a12468c92862e10143,2,1,0
980,4be71eddcf200f479e4c153c,1,1,0
981,4be72e504485d13a11e893ee,1,6,1
982,4be808779a54a593506f0911,1,2,1
983,4be904ffd837c9b63e00a606,7,3,0
984,4be930c0c5220f47aa85aaca,1,1,0
985,4be94236c5220f47a995aaca,5,4,0
986,4be9a99c62c0c928dfebdfd4,32,28,0
987,4beaa62ab3352d7f656155d2,4,3,0
988,4bebc5fb9fa3ef3b514580c9,7,3,0
989,4bebeb7f415e20a17fd0e6bb,7,1,0
990,4bec39d462c0c9287516e3d4,1,2,1
991,4bed05629868a5937cdb5c46,13,8,0
992,4bed0704e3562d7fb47bfef8,1,1,0
993,4bed0d1691380f471a639f18,2,1,0
994,4bed208a91380f4749729f18,14,3,0
995,4bed50c59868a593902c5d46,7,4,0
996,4befda6fd4e4d13aba9c15a7,1,1,0
997,4befec4ed4f70f475e46390f,3,1,0
998,4bf1183ab315c9b6bf9a93ff,4,4,0
999,4bf3d50d2d6295217e076058,1,2,1
1000,4bf565ab94af2d7f5ba83b72,2,1,0
1001,4bf597599abec9b6244224e8,1,1,0
1002,4bf5a6e85efe2d7f5cb46534,3,1,0
1003,4bf5e61f5e800f473685e6d4,2,1,0
1004,4bf6469dabdaef3b133ba184,2,1,0
1005,4bf649ac5e800f476918e7d4,1,1,0
1006,4bf674b3004ed13a936c42a0,2,1,0
1007,4bf6c45913aed13a1b28eaf7,1,1,0
1008,4bf6cec6b182c9b67d87745a,3,1,0
1009,4bf7f4858d30d13a98c6ff17,1,1,0
1010,4bf854b38d30d13afa950018,1,1,0
1011,4bfa440ab182c9b6fe137a5a,1,1,0
1012,4bfa6d138f32ef3bc5e004aa,4,2,0
1013,4bfa8dc45317a59379cc027f,1,1,0
1014,4bfafb9465fbc9b67bce906c,2,1,0
1015,4bfbb15565fbc9b6fba8916c,1,1,0
1016,4bfcc7bfbf6576b0fc5dacb8,4,6,1
1017,4bfd0b154cf820a1d3d0ebf4,1,1,0
1018,4bfd71712b83b713bbb7a998,3,3,0
1019,4bfe3ad2f7c82d7f1f488f04,1,3,1
1020,4bfed6f8a8c39c74d68ff237,3,1,0
1021,4bffea9ff61ea5937bf6ea13,1,1,0
1022,4c002f6975fc9521d9b14898,7,3,0
1023,4c00c2db9cf52d7f715114e7,1,1,0
1024,4c00e785ad15a59377958e73,1,3,1
1025,4c00f43819d8c92898118829,1,2,1
1026,4c015e0f716bc9b61eb8bb55,5,1,0
1027,4c023a7ecd1895211175f4b3,2,1,0
1028,4c03a08e310fc9b65b1dc661,2,1,0
1029,4c04c20b73a8c9b6897f96e0,12,1,0
1030,4c051045f56c2d7f720d1f66,2,2,0
1031,4c051a98f56c2d7fc11d1f66,3,1,0
1032,4c0542e50d0e0f476512059a,1,1,0
1033,4c055e628f8fa593fcc2f10d,1,1,0
1034,4c07fa4a340720a19e678293,1,2,1
1035,4c08442c7e3fc9287618f082,6,4,0
1036,4c08e264009a0f4770bbe6bf,1,1,0
1037,4c08f35cffb8c9b6fafc6861,12,5,0
1038,4c08f3dfa1b32d7f00c396f0,2,2,0
1039,4c090f65a1b32d7fc3f496f0,1,1,0
1040,4c0a3c367e3fc928d838f382,3,4,1
1041,4c0a7f2f009a0f47a175e9bf,1,1,0
1042,4c0d690f2466a593f5887721,14,2,0
1043,4c0d6eebe60fb71355532122,4,1,0
1044,4c0dff1db1b676b06164e186,2,1,0
1045,4c0e37caadcd9c747ea902f6,2,2,0
1046,4c0f94b796fc952123efc0cb,2,3,1
1047,4c0f957c96fc952143efc0cb,1,1,0
1048,4c0fd3c4f1b6a5938ae77a27,1,1,0
1049,4c1030cb3708d13ad810615b,6,4,0
1050,4c111929ce640f4714fc3a52,7,2,0
1051,4c12391577cea593a299cc60,1,1,0
1052,4c12a57aa9c220a15f5f549d,1,1,0
1053,4c13010b127f9521419b2425,1,1,0
1054,4c13af067f7f2d7f3372df68,1,1,0
1055,4c14a412a5eb76b06c15c2b7,3,2,0
1056,4c1760f459cc2d7f247e5287,1,1,0
1057,4c177dffd4ee9521ba37ba05,2,2,0
1058,4c17ab2b59cc2d7f7bfc5287,1,2,1
1059,4c182e1e6a21c9b6d4bbc897,3,1,0
1060,4c18fe2d6a21c9b670d6c997,30,13,0
1061,4c1bab8ab4e62d7f9cc2d993,1,3,1
1062,4c1cc6e7eac020a1ecff46c2,2,1,0
1063,4c1e276cb9f876b0af9d7e46,1,1,0
1064,4c1f5bffb4e62d7f407bdf93,10,4,0
1065,4c1f76d6e923ef3bbfbe4e54,5,6,1
1066,4c20b33c132f0f474e07a796,2,3,1
1067,4c20ce3815b39c74f7c335f2,1,1,0
1068,4c21c2ea7e85c92882f7ba21,7,3,0
1069,4c22110c9085d13ae8ab85cc,3,2,0
1070,4c23aece905a0f471e8a5e60,1,1,0
1071,4c245286a852c9287d01e36c,2,2,0
1072,4c2473a1f1272d7f9c0d83c5,2,3,1
1073,4c25ea49f1272d7f839085c5,1,1,0
1074,4c25fa52f7ced13a7e6e256d,2,2,0
1075,4c2a348b8abca5938b4efe1f,1,1,0
1076,4c2b7d7957a9c9b6e1fbf567,3,1,0
1077,4c2ce557ae6820a122121a43,2,3,1
1078,4c2f245aa0ced13a9dfc0f6e,1,1,0
1079,4c2f34e0a0ced13ac112106e,4,3,0
1080,4c2f862aa0ced13a78b1106e,2,2,0
1081,4c2fb9d5452620a14f131e0f,2,1,0
1082,4c3082ab213c2d7faf8d325d,1,1,0
1083,4c30a43e16adc928ef66bf9c,1,1,0
1084,4c30a942a0ced13a256f126e,2,1,0
1085,4c30b6183896e21eb8e8e590,2,1,0
1086,4c30be6b213c2d7f9ae6325d,1,1,0
1087,4c3132b3452620a1474f200f,3,1,0
1088,4c317dc466e40f47e327c58b,1,1,0
1089,4c31c371a0ced13a150d146e,4,2,0
1090,4c31cbfb3896e21e977ae790,2,1,0
1091,4c333ac266e40f47a49fc78b,1,1,0
1092,4c3344cc6f1fef3bf67cec3d,13,5,0
1093,4c385f5218e72d7ff92e18f5,2,1,0
1094,4c3863012c8020a14dae8a00,1,1,0
1095,4c386f753849c928cb6bbfb1,1,1,0
1096,4c3c60a6933b0f47fdece321,4,4,0
1097,4c3f17710596c928da268578,1,1,0
1098,4c3f44dfcc410f472fe9a761,3,2,0
1099,4c430eb7ce54e21eb27d0d1a,5,2,0
1100,4c4715491ddec9280e339c32,11,1,0
1101,4c48305e96abd13aa25e7301,27,9,0
1102,4c4991b19f2ad13a0fd77653,1,1,0
1103,4c4ad97b42b4d13a6d5ed17d,1,1,0
1104,4c4b00809c8d2d7f95b5586a,1,29,1
1105,4c4c002b959220a1d8065d10,3,8,1
1106,4c4d624bdb2c20a12730b972,37,40,1
1107,4c513de4250dd13a41a4e17c,5,7,1
1108,4c52b7a4b6dabe9a24d2bb13,45,20,0
1109,4c5459461b46c9b62e1571ce,1,1,0
1110,4c554b5e728920a101222984,1,1,0
1111,4c558019fd2ea593b577d62b,1,1,0
1112,4c5675cd12f0d13a79fa04ad,1,1,0
1113,4c584221d12a20a1a58a68bd,1,2,1
1114,4c593a366407d13a78a2b128,1,2,1
1115,4c594502b05c1b8d8246d5b1,1,1,0
1116,4c594865b8b3c9b605b788b6,3,2,0
1117,4c5aaac704f9be9a953cf260,2,1,0
1118,4c5b531e7735c9b6b7758972,2,1,0
1119,4c5d335794fd0f4764c7ca45,6,3,0
1120,4c5f0213d25320a1683fca7a,1,2,1
1121,4c62843369a1c9b63dc138a4,2,1,0
1122,4c629d01de1b2d7f8699e270,3,2,0
1123,4c63b33b58810f470c5b0a1e,1,2,1
1124,4c659a418e9120a18fa4d564,8,1,0
1125,4c666b7f9cb82d7fcb8f90d2,1,1,0
1126,4c6821709cb82d7f4df294d2,1,2,1
1127,4c6950702c29d13ab5d50a41,4,1,0
1128,4c697ba9897b1b8d7551af17,3,1,0
1129,4c6a984d8e7c0f47d388e20f,13,5,0
1130,4c6bd0a996eaa593c42c23df,3,1,0
1131,4c6cdadc7bfe199c4be1d8ce,1,1,0
1132,4c6ce8d923c1a1cd4bdf1acf,19,13,0
1133,4c6d4ba36af58cfa91ff8817,1,3,1
1134,4c6e3e69d5c3a1cd20d4c72b,6,2,0
1135,4c6ed297d5c3a1cd0c7bc92b,1,1,0
1136,4c7020acd97fa143fe13f5ca,4,2,0
1137,4c73ee97604a3704cb817e49,1,1,0
1138,4c742b302db5236a1b90b979,1,1,0
1139,4c74d2d4b474a1cda49bb7bf,1,1,0
1140,4c74d8daff1fb60c5593f4a7,5,1,0
1141,4c7551e63adda143e3f906af,22,26,1
1142,4c7676cac219224bd93ea528,1,2,1
1143,4c76a36466be6dcb03b8c30f,1,1,0
1144,4c779317f24737040e6b66eb,1,2,1
1145,4c78641a794e224bf32b6228,2,2,0
1146,4c792c73a8683704b7880f4d,1,1,0
1147,4c7ba4e676ce9c749f35b80c,1,1,0
1148,4c7bd32397028cfaa1f5e1fe,7,3,0
1149,4c7cbcbc3e90a1cdc34943be,7,2,0
1150,4c7cce9bf56a3704d8db0846,6,4,0
1151,4c7fea49d92ea093c01b3372,2,1,0
1152,4c84dd83dc018cfa0cbae36c,2,1,0
1153,4c861de42f1c236ac1015a43,2,1,0
1154,4c86adfbe602b1f7973fc27a,4,2,0
1155,4c8739c59c808cfa11c6121e,3,1,0
1156,4c87a30f56e03704f0ecb3a3,3,3,0
1157,4c87aa3f821e9eb044cc8d89,1,2,1
1158,4c87ab84821e9eb06fcd8d89,1,2,1
1159,4c87ac36821e9eb0ffcd8d89,1,1,0
1160,4c8a7017e51e6dcb3afe68de,3,1,0
1161,4c8b2ba93dc2a1cd5625b432,1,1,0
1162,4c8b873c1797236a4e9e6b88,5,3,0
1163,4c8e753258668cfa513ad2ec,3,1,0
1164,4c8fdf63b6d1a143a8f3be0f,1,1,0
1165,4c90f9deae45224b83e3e397,1,1,0
1166,4c921bc9ae96a0933adda846,1,1,0
1167,4c93aff958d4b60c2b9e2129,2,1,0
1168,4c95c95682b56dcb0331dcaa,4,2,0
1169,4c97215872dd224bf2f0b191,1,1,0
1170,4c9c6a059c48236a1cb14dee,47,32,0
1171,4ca9ba7676d3a093101c226b,1,1,0
1172,4caaeb7576d3a093ef79276b,1,2,1
1173,4caccb732776b60c05bd540d,1,1,0
1174,4cadfca8632b3704cf146c6e,1,1,0
1175,4cb20b87cbab236adfa8ad73,3,2,0
1176,4cb57202e262b60c259367e0,1,2,1
1177,4cb578923ac93704136acc0a,2,26,1
1178,4cb74b8b3ac937041e98da0a,2,2,0
1179,4cbb53b8f50e224b5b10f9fb,4,2,0
1180,4cbc6052bac937043cbef77c,3,2,0
1181,4cbca95a0180721e9eb8a561,1,3,1
1182,4cbdd215f50e224b7cd306fc,1,1,0
1183,4cbe0d6f97bc721e92517d67,1,1,0
1184,4cbebbee97bc721eff208167,1,1,0
1185,4cc1e2291e596dcb00e3be67,1,1,0
1186,4cc5a6351e596dcb5666d967,3,6,1
1187,4cc96c59d147a09319d6e6ae,1,1,0
1188,4cc9877cf1cd9521f6749c0f,1,1,0
1189,4ccbeee0b571b60ce325cf65,1,1,0
1190,4ccc626e7c2ff04dd0e2987e,2,1,0
1191,4ccf12e1ee23a143d2e52fa8,2,3,1
1192,4cd03f1b1ac7a1cda35e1892,1,1,0
1193,4cdadd2dc409b60cac66d11a,1,1,0
1194,4cdc8f92d4ecb1f778458048,2,1,0
1195,4ce1265fffcf370406ec2382,9,4,0
1196,4ce689b7f86537041c5ba3c4,3,1,0
1197,4ceb80fefe90a35d7e74530e,8,1,0
1198,4cebec77678aa0934736fbea,3,7,1
1199,4cf15b28899c6ea8bc16f0c1,10,6,0
1200,4cf8d45e6cee236a98fae803,1,1,0
1201,4cf9619bee9cb60c7bc883ad,1,1,0
1202,4cfa6667ee9cb60c44fd89ad,10,7,0
1203,4cfabc417f2db1f7506529d4,1,1,0
1204,4cfe31cc34c1a0931c33540e,2,1,0
1205,4cfe32812c6459411bec454a,1,4,1
1206,4cff1b536923721e8bdfbd3b,1,1,0
1207,4cff9bebba1da1cdb42c8428,5,2,0
1208,4d00c69af1605481dce59fea,3,2,0
1209,4d01319b4f56b60c75e7a537,4,1,0
1210,4d0262d89f9ea143b9388fa9,1,1,0
1211,4d07d9351de3b60c25658d15,5,1,0
1212,4d0b8ee6691f5941bf80b172,4,4,0
1213,4d0c9026d515236aa8fb074b,4,2,0
1214,4d0f11bac3dc370464843074,1,1,0
1215,4d0f4564d21db60c022d2318,2,1,0
1216,4d14a905e190721e340e0921,1,1,0
1217,4d188962bb488cfaa46fb5d4,1,113,1
1218,4d21afe05acaa35d18fbd135,10,2,0
1219,4d231821b69c6dcb960a8895,1,1,0
1220,4d274945d86aa09024d41dc0,8,7,0
1221,4d291f443c7954817df8d49b,2,1,0
1222,4d2a3c7f342d6dcbb0c40acb,1,1,0
1223,4d2ac93cebacb1f7c16e0650,2,3,1
1224,4d2c4313f7a9224be36d16a0,8,3,0
1225,4d2ccca5762fa143b10f7364,1,1,0
1226,4d305d724db13704a8a5fa5d,1,1,0
1227,4d31cd31c75a6ea86ac907ae,3,1,0
1228,4d338eb82e56236a6c4527b4,7,6,0
1229,4d3442738c42a1cd0914f95d,1,1,0
1230,4d3710afa740b60cd46f0466,1,1,0
1231,4d3fe9b41bd2a143b36ced7c,6,1,0
1232,4d406dc446775481eccc57f4,3,1,0
1233,4d4348115ad06dcb2fdb37d7,2,1,0
1234,4d440bf1c3e5f04d0a219620,3,1,0
1235,4d494c55183f224b4e8fdca8,3,1,0
1236,4d4c07c17aa6a35dcc8cd270,1,2,1
1237,4d4c120114f688bf7310683a,1,2,1
1238,4d4c382464faba7a386ff28a,1,2,1
1239,4d4c583b14f688bfba0f6a3a,4,1,0
1240,4d50128b7ee1a35d5ae98134,2,1,0
1241,4d5262679ffc236a337c2ca7,2,1,0
1242,4d528bf43062a1cd1e5072a3,3,1,0
1243,4d529fa880df88bf2e470098,10,5,0
1244,4d52a09980df88bf8a4f0098,2,1,0
1245,4d54465d5b3f6dcbb592ddcc,3,2,0
1246,4d56c50958856dcbfd795c6d,1,1,0
1247,4d5c42366f6d6ea8820c63ec,2,1,0
1248,4d5d33e3fb186dcb4030099b,3,1,0
1249,4d5ed23c149637047e12cf94,16,9,0
1250,4d601b5d1939a35d959b1dee,1,1,0
1251,4d60fa6629105941cd47fb46,1,1,0
1252,4d61062c29105941a8cdfb46,3,2,0
1253,4d62081b9f67f04d990e8bfb,4,1,0
1254,4d637f6edcafa1cd3fea7111,5,1,0
1255,4d63c1bc79deb1f707e01d11,1,4,1
1256,4d68b3bf2ab82d436bacced5,2,1,0
1257,4d6a56969bd6a14301f96bdf,1,1,0
1258,4d6d6c71cb7a8cfa4a2e5f79,2,1,0
1259,4d6fab337e16a35dc75697f9,1,1,0
1260,4d7013946412548161b7d693,2,2,0
1261,4d711fd24a0b60fcbeab259f,1,4,1
1262,4d76952e0dbb6dcb915fed6f,1,1,0
1263,4d77c9ca926a6dcba7f64e00,1,1,0
1264,4d7896eb109eb1f72cb55106,7,2,0
1265,4d7aaa5379e6721e45a85e8b,7,1,0
1266,4d7bad2fda568cfad9b655ff,1,1,0
1267,4d825176bede5481abdd0fd1,1,2,1
1268,4d8761455091370483c8be5b,5,1,0
1269,4d87c33d6daeb60ca0472ee0,3,1,0
1270,4d88ed2c26a36ea875bed5ad,1,1,0
1271,4d88f74a7d4c54813e514a71,1,1,0
1272,4d89d49a1508a1438bde151e,8,2,0
1273,4d8a3c2a5ecdf04dcaa9ba8a,8,5,0
1274,4d8ba1d737c6a143579cae0c,1,2,1
1275,4d91adf93dd4a093a5d47e18,1,2,1
1276,4d9598d4c19fb60c528e6965,2,3,1
1277,4d95c92797d06ea8425ef20a,3,3,0
1278,4d96c78397d06ea823d70b0b,2,2,0
1279,4d97becc79b788bf887e6b6a,1,1,0
1280,4d9845a797d06ea8c124300b,7,1,0
1281,4d9a1a35d97ba1439554316b,8,4,0
1282,4d9c64e45c33a35dbccce8a0,1,4,1
1283,4d9ebd69a77d816efe48f208,1,1,0
1284,4da49dccc6e96ea82a06015e,3,3,0
1285,4dab8a666e81162ae7effbc1,3,1,0
1286,4dad8c5e1e72b2444e437063,3,1,0
1287,4db2bf7a4b226b343d687a9d,1,4,1
1288,4db2fed55da3a76f441eb742,1,2,1
1289,4dc05fcc5da386e218c69f74,2,1,0
1290,4dc0f10e1838710f4371d120,1,1,0
1291,4dc24e3dd1643ed27a4c05b0,1,2,1
1292,4dc316e145dd264552352b35,4,2,0
1293,4dc6856dc65b89d3ca895fbe,2,1,0
1294,4dc6b175b3ad20ab9e4142b7,3,1,0
1295,4dc70f9c7d8b14fb4652d7c1,3,2,0
1296,4dc915fafa761aaccae56dc5,4,1,0
1297,4dc91970b0fbf26798c2c42c,4,2,0
1298,4dc9462d8877c89dc0834fb4,11,2,0
1299,4dca3cead22da18f4e5efe68,1,8,1
1300,4dcadbced4c0dfa030c3c9f1,1,1,0
1301,4dcbcc6cd22d7ffe9d352e02,1,2,1
1302,4dced2a0d164679b8d09ceed,3,1,0
1303,4dd0f4bfd164679b8d3af8d6,2,1,0
1304,4dd14418183899ddfb17f04d,9,4,0
1305,4dd16a7ad22deadedd995ad4,1,1,0
1306,4dd21707fa767fb7078b1f54,1,1,0
1307,4dd23383c65b9d071f964ace,1,3,1
1308,4dd6dee0922ef477d2a48222,2,1,0
1309,4dd7e460d1647fcf3e558cd1,2,1,0
1310,4dda10d2d22d38ef43270806,2,2,0
1311,4ddd1a12e4cdb993eab92fec,2,1,0
1312,4ddec0ffe4cd19127387bc47,10,5,0
1313,4de139cfd22d2a7955827cb4,1,1,0
1314,4de5f8bfb3ad2c317fe2dcae,3,2,0
1315,4de63919d22d7fddb9d155cf,1,1,0
1316,4de699d7c65b3424ae775a0e,5,1,0
1317,4de8c43f52b1741cdb09b90e,1,1,0
1318,4deacb2b18386283a3ef668b,4,1,0
1319,4deba172d22da22d4ef2180c,1,1,0
1320,4debea52b3ad083a33d2bef3,2,2,0
1321,4ded4b7445dd3aa41d6246a0,3,1,0
1322,4def5e16d22ddfee16f4f8f1,6,1,0
1323,4df0a200d22d43368718212e,4,1,0
1324,4df470c48130cf14cc16ade2,2,2,0
1325,4df4715c8130cf14cc16ae10,1,1,0
1326,4df473018130cf14cc16aec3,1,2,1
1327,4dfa1604d22d964c6b9bdb43,2,1,0
1328,4dfc81138877e9c47492e5ff,2,3,1
1329,4e00c41d45dd1e4999dbbbd6,1,1,0
1330,4e06057cb0fbba5eee12cc24,1,1,0
1331,4e077b19b0fbba5eee1c6b3e,1,1,0
1332,4e0b7d23aeb7a4da430d0775,1,2,1
1333,4e0dfc8a62e1d5a30cfc7684,3,1,0
1334,4e0f1f89ae603a50b5493d8f,1,1,0
1335,4e108215fa769d21e9e4ab37,1,1,0
1336,4e10c02045dde6c62dcd8b19,14,6,0
1337,4e143ca37d8b4c0d630c715b,6,1,0
1338,4e14461f14951daa08a89c70,1,2,1
1339,4e16d5a8d1649878a8f54672,5,1,0
1340,4e16e1f5483b3ee57ce145df,1,2,1
1341,4e175b25183880768f35a7e5,24,14,0
1342,4e1769e9d1648b834828525b,1,5,1
1343,4e187a832271b0e971fc447d,1,1,0
1344,4e18a3ca6284ea7246faaec3,8,7,0
1345,4e1aff37d22d8a338fe90927,2,1,0
1346,4e1dc7351fc73bfe97b8e8f8,2,1,0
1347,4e1ffee9628469a574066a4e,8,2,0
1348,4e20946cd4c0d32590e60a7f,2,2,0
1349,4e23362888774a43b77c0c6b,1,1,0
1350,4e245109ae6015b212c20e2e,1,1,0
1351,4e269555483b329ccb3c292e,1,2,1
1352,4e26d5befa7682ed2304d885,1,1,0
1353,4e27147052b1977e8b48be50,2,1,0
1354,4e2a8c85d4c0e5c89aba810e,3,3,0
1355,4e2b4c0ca809f1b1640ebdc4,2,1,0
1356,4e2e60a41838f1c552b9ef8d,2,1,0
1357,4e2e8012cc3f7de39bfe8d01,6,2,0
1358,4e2ecd5f7d8bf59d290fdd55,1,4,1
1359,4e2f1b20e4cdb5a70d65250c,1,2,1
1360,4e31d99645dd720580b2c056,2,1,0
1361,4e361bcc45dd1c42bf266b99,4,2,0
1362,4e384bb0d164374eb68f7c82,2,1,0
1363,4e3960aa18a8d2fcc62acbfe,1,1,0
1364,4e3a8cdfb3ade614e1272dc6,2,1,0
1365,4e3aff9be4cdcd106847f2d1,3,1,0
1366,4e3fe4e6d164b52911cbc6c8,4,1,0
1367,4e424aa518a8627fce440f68,1,1,0
1368,4e47453c922ee4def293323f,6,2,0
1369,4e4814c2e4cd9d94fb37f36f,2,1,0
1370,4e4ba53a1f6e2a789a89a1f8,5,1,0
1371,4e4c1ba4d164e69742c74b47,2,1,0
1372,4e4c2dcf45dde1d209dc4127,4,1,0
1373,4e4e7387fa7626401e9aedae,5,1,0
1374,4e4f9871d4c0b6da5d7fa906,2,2,0
1375,4e4fecf52271a1bdc3e53057,9,4,0
1376,4e55923445dd0a4826e863d6,2,1,0
1377,4e560b44814d5c451307a17b,3,1,0
1378,4e567924315193507c7ffc13,1,4,1
1379,4e5835c5196b5a88b8c8a62b,1,1,0
1380,4e5daac8b61cebc23b667c36,5,3,0
1381,4e60e351b993678bb59e1fa9,1,2,1
1382,4e6517bf81301b9322effed1,1,2,1
1383,4e6658558877954de9d6b2c7,2,2,0
1384,4e68804a14954826adb27714,4,4,0
1385,4e6f5b28a809952e23d265e6,2,1,0
1386,4e6f66aeaeb74b05753dca03,4,5,1
1387,4e6f89aa1fc7c08369520840,7,1,0
1388,4e7087ad88773f007b48c41e,2,1,0
1389,4e70f96ec65b340cdea5db54,1,1,0
1390,4e73a6af8998f94a5864b550,1,1,0
1391,4e74ad2c1495be5170c322c8,2,1,0
1392,4e74d848483b0cf5ec794bdf,2,1,0
1393,4e789859ae60e5ae00538112,1,1,0
1394,4e78d34dd22dc865f123d104,2,1,0
1395,4e7f4f300aaf89ce532a882d,3,1,0
1396,4e81eda99a52100783c26f71,6,1,0
1397,4e83184449016d9ffebc4812,1,1,0
1398,4e883e260aafeb709d456208,1,1,0
1399,4e888d60754a51bcbc76195c,1,1,0
1400,4e88b5395503277ca549530b,2,1,0
1401,4e89e54746909b7121793fc5,5,3,0
1402,4e8d753c1081e3b3545fc155,10,2,0
1403,4e92a939b634c9cd7d619ec9,3,1,0
1404,4e92ab7bbe7bf17dd6787618,6,1,0
1405,4ea0154893ad3307df607e16,1,3,1
1406,4ea440dadab4725270af0f2b,1,1,0
1407,4ea536cab8f7e4911fc4c7d8,1,1,0
1408,4ea816d27ee5c76518d5c1a7,1,2,1
1409,4ea95d0b6d86765d4111781c,2,3,1
1410,4eabd05a61af01ea2af09b69,1,1,0
1411,4eae2186754a69d6775fb8dc,2,3,1
1412,4eae62c5f5b936710bdd1d8d,2,1,0
1413,4eaef4f4722e4efd614ddb80,4,2,0
1414,4eb00835be7b409f8c14a2ca,1,1,0
1415,4eb1587693adccbac49e282f,7,1,0
1416,4eb28c766da1df5f01d3db7d,6,1,0
1417,4eb44f3f469073bbc5a8f79b,1,2,1
1418,4eb6edf3e5e87437053d846b,1,1,0
1419,4eb7d4ba469073bbc724e586,1,1,0
1420,4eb9916f4901236a181d570c,2,1,0
1421,4ebb9c1b6da16868249fb105,15,4,0
1422,4ebf15afd5fb50d70f350c59,1,1,0
1423,4ebfd52c8b81127c0b2db47c,6,1,0
1424,4ec64e8ce300719913a04946,1,1,0
1425,4ed17b1502d5feaa1d9897c3,2,1,0
1426,4ed4a827469098aeff2c4ef4,2,3,1
1427,4ed5ed9c8b81665993030b18,7,7,0
1428,4ed619be0cd6b3fd4c41cff4,3,1,0
1429,4edb90400e011b46efc60c66,2,1,0
1430,4edce907c2ee3cd644c79c65,1,1,0
1431,4edd38378231efe392c38b90,1,1,0
1432,4ede68fdbe7be2833c6a17a2,1,2,1
1433,4edf98da4901ab1d4f781023,3,5,1
1434,4ee4f889a69d89905c8e6534,4,2,0
1435,4ee5c843b634710b8c2c2b0b,12,2,0
1436,4ee61a462da504839760f8e0,1,2,1
1437,4ee61a462da504839760f91a,2,1,0
1438,4ee7cc910e01e8843f1fc2e0,2,1,0
1439,4eea4932722edd1072c6eea4,1,3,1
1440,4eebbcc16da1536878a69700,7,4,0
1441,4eec8ad993add02fcb0893c2,1,2,1
1442,4eedd3b95c5c794ad2951d6b,1,1,0
1443,4eef76bd8231688f20a3c86b,7,1,0
1444,4ef20556f9ab11b14e4ee6c2,4,1,0
1445,4ef239606da16847ccdf5c5c,2,2,0
1446,4ef2d4b59a52fadb33f6f1a1,1,1,0
1447,4ef3043d29c2e7e6d31a251d,5,3,0
1448,4ef4550aa69d3d38d61fec2b,1,1,0
1449,4efb03ed0039deea01aa6925,1,1,0
1450,4efe28af29c201c6fbc3563d,9,7,0
1451,4f01f30f0aaffcf6f6635464,3,1,0
1452,4f05827c29c22bbefed84cd3,4,1,0
1453,4f09d420e4b033211b155470,1,1,0
1454,4f0b3e32e4b071c57857e0f5,6,3,0
1455,4f0b6207e4b0945c6dec1c19,1,2,1
1456,4f0c8cf2e4b03e7495e87c79,1,1,0
1457,4f1205e9e4b04720456783a7,1,1,0
1458,4f1473a2e4b0678413c9d7e7,4,1,0
1459,4f182f1aa17c202e1058990c,1,1,0
1460,4f19837de4b08b384e312d6a,2,2,0
1461,4f1ee30ce4b0fb1c971dfb60,1,2,1
1462,4f1eff6fe4b0b73ef036d158,2,1,0
1463,4f1fbab8e4b046c2ff70d4d9,2,1,0
1464,4f2297bce4b012e02d2b9368,2,3,1
1465,4f22df5ee4b0020c2d201e70,2,7,1
1466,4f315a3bd5fbbed5d18cc6a6,2,1,0
1467,4f322a43e4b092d58c63127a,5,9,1
1468,4f339ef1e4b0547a0dfc44af,1,4,1
1469,4f341ccce4b0faf08dc31f5f,1,1,0
1470,4f3806c4e4b0fb0dfd8692b7,4,2,0
1471,4f398470e4b0f4cfe0c30fcb,3,2,0
1472,4f3a1b95e4b00bffded5d78a,11,4,0
1473,4f3cb2c2e4b0c0ca46417be1,2,2,0
1474,4f3ce0e4e4b04080ab64f68f,3,1,0
1475,4f3cf096e4b0b928ae4594f0,10,9,0
1476,4f3e89c1e4b07ff31a6250eb,2,1,0
1477,4f4368cbe4b05d3b15ec465b,1,1,0
1478,4f43e0dde4b059a7f2731daf,1,1,0
1479,4f44ac1ae4b0ea314b361e72,1,1,0
1480,4f456ae6e4b09e5f756d5dc1,2,4,1
1481,4f47e1d6e4b01d17b916db34,6,3,0
1482,4f4964e9e4b002a2ac7f2d4c,1,1,0
1483,4f4a8910e4b082dc588778b5,1,7,1
1484,4f4c7787e4b0ed369247018a,1,1,0
1485,4f4ce981e4b0acb466e96fad,8,3,0
1486,4f4ea104e4b0f03ee61495cb,1,5,1
1487,4f4faef0e4b06597b7be8cdd,6,1,0
1488,4f54937ce4b0e14ed9512da2,1,1,0
1489,4f56ff56e4b08705cd288dde,5,7,1
1490,4f575d0fe4b0b3e21057a3ca,13,6,0
1491,4f5a1acb4fc67cbd9f63de83,6,8,1
1492,4f5bb83ae4b06784f7dbac84,1,1,0
1493,4f5bb938e4b085f52d87929e,1,1,0
1494,4f5d2da4e4b04fe10f701b99,1,1,0
1495,4f5dbdcfe4b0c4b68ad92cef,6,1,0
1496,4f5e634be4b00373709f6d43,6,2,0
1497,4f6229bde4b0d73260046a37,3,1,0
1498,4f634969e4b0ce431bfee234,1,2,1
1499,4f65deb27beb921d97c410db,1,1,0
1500,4f65fbd5e4b0ce431e84619a,3,1,0
1501,4f672a64e4b014afed904fcd,1,1,0
1502,4f679f43e4b03aa49001693f,7,3,0
1503,4f6880ce6b74aa26bb61f7ac,14,2,0
1504,4f6db37ee4b0725b61597c8e,2,2,0
1505,4f719469e4b0741eb46f258a,1,1,0
1506,4f72eedde4b05ea280dbdb67,2,1,0
1507,4f75fb27e4b0c0edd60cd23d,2,2,0
1508,4f782681e4b08e5a6849cee0,3,1,0
1509,4f785afde4b05c37fc4bbd31,1,1,0
1510,4f78c711e4b06bb77fa97c84,3,3,0
1511,4f78c861e4b0df5438042199,1,5,1
1512,4f795cabe4b0290a8d25fb80,1,2,1
1513,4f7a17ede4b007b4085cee26,7,1,0
1514,4f7c274ae4b07f26b765e3ab,5,2,0
1515,4f837065e4b08afde1b59a2f,5,3,0
1516,4f84ba09e4b012b41a700e36,1,1,0
1517,4f894efde4b076717aa7d84a,12,5,0
1518,4f89a63de4b057e280abe9e3,1,3,1
1519,4f8bd16fe4b01f95a50f7672,2,2,0
1520,4f8c8869e4b0af4d50d001db,4,3,0
1521,4f8d597be4b0c10a707cebbf,4,2,0
1522,4f8d7ad0754abf3657ab4f9a,1,1,0
1523,4f90129ce4b0051a3c76729d,1,1,0
1524,4f9125cbe4b04cd6aa89e520,8,1,0
1525,4f9ab2bee4b09fef524d78da,1,3,1
1526,4f9bb746e4b0b34c434aacd9,1,1,0
1527,4f9e49fbe4b033dc2c420b74,1,3,1
1528,4fa521dbe4b0fed4818dc3a6,1,1,0
1529,4fa55ca0e4b0ddd496196161,1,10,1
1530,4fa57d9be4b098f42b46e66e,4,1,0
1531,4fa670e4e4b0752c6a1f5a76,1,1,0
1532,4fa67878e4b0ac15d0790165,2,1,0
1533,4fa8fd5ee4b01128c16059fb,3,5,1
1534,4fadb2a6e4b01cbf2ff756a6,1,2,1
1535,4fae4f2de4b08a2bb94962aa,1,1,0
1536,4faeb23fe4b0efef5ec3f23e,23,6,0
1537,4fb0ffe7e4b047f11df639ea,9,4,0
1538,4fb14fdde4b0fa27b9503930,4,1,0
1539,4fb22a7de4b010d66eaca6d2,1,1,0
1540,4fb4e624e4b03373750174d3,3,2,0
1541,4fb5099de4b0ccfe26ce4522,10,7,0
1542,4fba25dae4b00f660c9c6832,2,1,0
1543,4fbab91ae4b0d498b3c8ee87,5,3,0
1544,4fbd123ee4b04c2c0a9afbfe,13,8,0
1545,4fbf37abe4b08821680d1885,1,1,0
1546,4fc31eede4b05b8503be268b,7,4,0
1547,4fc347f2e4b03f9cfa65f30f,3,5,1
1548,4fc5f0dce4b05effe836e4c5,1,1,0
1549,4fc649aae4b0f1d460fd4fd2,9,7,0
1550,4fc748efe4b0b4c8bc73a300,3,1,0
1551,4fc95dfce4b092e3b94dd33a,1,8,1
1552,4fc9ff8ce4b087d229f75ce4,3,3,0
1553,4fca6ac3e4b0e1d3a3460eb6,1,4,1
1554,4fca6b29e4b07c8e3e13db73,5,3,0
1555,4fca7debe4b0ba2d58effbb6,2,1,0
1556,4fcac687e4b039f7d3eac4d5,8,3,0
1557,4fce9183e4b0cf727ba15562,1,1,0
1558,4fcf3971e4b0d44b55c9db08,6,2,0
1559,4fd26187e4b0d6a2d52bcda4,3,4,1
1560,4fd26b0ee4b0aa9a71c2abe4,1,3,1
1561,4fd5eed8e4b02c7fc5020e89,3,3,0
1562,4fdb7842e4b03d02686667c9,3,14,1
1563,4fe113d8e4b09f93631b6123,7,2,0
1564,4fe246e2e4b0b355c0846136,4,2,0
1565,4fe76023e4b09198fe41e409,3,3,0
1566,4fe85037e4b0af2e68221581,1,2,1
1567,4fe8e34ae4b0fb551e08a9a4,2,1,0
1568,4feaf283e4b086828bd1a725,2,2,0
1569,4fec636fe4b08f550ab9a5c2,1,3,1
1570,4fec79ade4b03cd042514c84,2,1,0
1571,4fed7399e4b09670976322e2,1,1,0
1572,4fed896ae4b0caa9aba438c3,2,6,1
1573,4fef088be4b06603722853df,1,1,0
1574,4fef257fe4b01127cbe74b5e,5,1,0
1575,4ff331c9e4b0211bc1037ac3,2,1,0
1576,4ff54c24e4b0208917b213f1,5,1,0
1577,4ffab16de4b0887e5629acb2,5,1,0
1578,4ffabef9e0e2eec02f24f099,1,1,0
1579,4ffb1d29e4b0d61585c03203,7,4,0
1580,4ffd6c82e4b06558f2f51f60,2,1,0
1581,4ffdc780e4b09e05b2d3ce14,2,2,0
1582,50003cffe4b0c955573d6cb9,2,1,0
1583,5002e6cae4b0ed5449df5383,1,3,1
1584,5002fcc3e4b0ed5449ebd77e,1,2,1
1585,5003b51ce4b07d578e0170bc,1,3,1
1586,50046d62e4b0b1602cfe05aa,1,2,1
1587,5005ac0de4b068f792fce7ba,1,1,0
1588,5005c59ce4b068f793099fad,3,5,1
1589,5006de63e4b0094cc594b238,1,1,0
1590,500908aee4b099638f62903d,1,1,0
1591,500ad2e6e4b0cefa4f687d05,1,2,1
1592,500be6ede4b0546b2932aca7,1,1,0
1593,500c0aa6e4b000b8d98f6311,1,1,0
1594,500d192be4b02f47f7f9387f,1,3,1
1595,500f2475e4b0a7636de6651f,2,9,1
1596,5036b369cc6417d4bcd9a160,11,7,0
1597,5036b369cc6417d4bcd9a16b,1,1,0
1598,5036b36bcc6417d4bcd9a1d5,14,4,0
1599,5036b36dcc6417d4bcd9a24b,11,2,0
1600,5036b36dcc6417d4bcd9a280,1,11,1
1601,506999643d7cfe42e733a829,8,9,1
1602,5069996c3d7cfe42e733ac43,17,7,0
1603,5069996f3d7cfe42e733ae11,4,9,1
1604,506999703d7cfe42e733aea7,2,2,0
