,Venue ID,Latitude,Longitude,Category,MainCategory,NearPlaceEntropy
0,4c18fe2d6a21c9b670d6c997,51.470664,-0.45790699999999995,Airport Terminal,Travel & Transport,0.1881632237860286
1,4ac518cef964a520f5a520e3,51.51368400000001,-0.099435,Church,Professional & Other Places,0.12721194831013202
2,4badfc5af964a5202e783be3,51.516835,-0.40416599999999997,Coffee Shop,Food,0.8899213376865164
3,4b409606f964a52025b925e3,51.536139,-0.10316800000000001,Park,Outdoors & Recreation,0.1421229893490462
4,4ac518d1f964a520e0a620e3,51.508182,-0.087547,Bridge,Outdoors & Recreation,0.09938718653261738
5,4acbc300f964a52058c520e3,51.528437,-0.134025,Train Station,Travel & Transport,0.1330596122771134
6,4ac518ecf964a52078ac20e3,51.512762,-0.140097,Toy / Game Store,Shop & Service,0.05625651912166958
7,4af33684f964a520c7eb21e3,51.530772999999996,-0.12338199999999999,Train Station,Travel & Transport,0.09887440227048916
8,4ad5f480f964a5202c0421e3,51.412862,-0.301266,Train Station,Travel & Transport,0.21387237042367416
9,4ae8b043f964a52076b121e3,51.41209600000001,-0.300386,Multiplex,Arts & Entertainment,0.2166084939249829
10,4ac518e8f964a52075ab20e3,51.500982,-0.177412,Concert Hall,Arts & Entertainment,0.25661240767794796
11,4f679f43e4b03aa49001693f,51.531766999999995,-0.124197,Train Station,Travel & Transport,0.10096044025552683
12,4ac518f6f964a52052af20e3,51.495359,-0.14456,Train Station,Travel & Transport,0.0938140272602059
13,4f78c711e4b06bb77fa97c84,51.431757,0.056741999999999994,General Travel,Travel & Transport,0.7000763811286929
14,4f4a8910e4b082dc588778b5,51.431788,0.05661,Grocery Store,Shop & Service,0.7000763811286929
15,4f4ea104e4b0f03ee61495cb,51.431778,0.056673,Grocery Store,Shop & Service,0.7000763811286929
16,4acee9a4f964a5200ed220e3,51.504896,-0.085874,Train Station,Travel & Transport,0.11333976635091957
17,4bf1183ab315c9b6bf9a93ff,51.520044,-0.10631199999999999,Office,Professional & Other Places,0.1000612243357164
18,4b101f53f964a5207a6923e3,51.512537,-0.13325499999999998,Gay Bar,Nightlife Spot,0.04748177424401238
19,4af47862f964a520d6f221e3,51.517835999999996,-0.081861,Train Station,Travel & Transport,0.08265612739946758
20,4acd8e7df964a52044cc20e3,51.503133,-0.11275999999999999,Train Station,Travel & Transport,0.09952607115788181
21,4bab2ca2f964a520e7973ae3,51.512226,-0.175275,Hotel,Travel & Transport,0.15911004984605234
22,4ac518f6f964a52050af20e3,51.508075,-0.124583,Train Station,Travel & Transport,0.06549961690607922
23,4be9a99c62c0c928dfebdfd4,51.472576000000004,-0.45103999999999994,Airport Terminal,Travel & Transport,0.2270800976268545
24,4e2a8c85d4c0e5c89aba810e,51.479058,-0.409412,Bus Line,Travel & Transport,0.6498254817749486
25,4ac518d2f964a5202aa720e3,51.481673,-0.009323999999999999,Neighborhood,Outdoors & Recreation,0.24709530692969048
26,4ae83e74f964a5204bae21e3,51.516514,-0.177069,Train Station,Travel & Transport,0.11543258197334992
27,4ad4a773f964a52083e820e3,51.522656,-0.156834,Subway,Travel & Transport,0.12879792779849536
28,4ad09694f964a52099d820e3,51.522476,-0.163164,Train Station,Travel & Transport,0.14614134343081375
29,4c1f76d6e923ef3bbfbe4e54,51.52773,0.004764,Subway,Travel & Transport,1.037164860181224
30,4bc875b5af07a59371dd802d,51.444245,-0.026565,Train Station,Travel & Transport,0.9572595157174699
31,4bed208a91380f4749729f18,51.49648,-0.141622,Building,Professional & Other Places,0.09073760350998342
32,4f3a1b95e4b00bffded5d78a,51.520740999999994,-0.133139,Office,Professional & Other Places,0.0906964432822578
33,4ace295ff964a520ccce20e3,51.464743,-0.170299,Train Station,Travel & Transport,0.31096746511123163
34,4ad8af64f964a520b81321e3,51.45981,-0.447049,Airport Terminal,Travel & Transport,0.2884976028272339
35,4ac518f4f964a520daae20e3,51.514431,-0.141492,Electronics Store,Shop & Service,0.06352960503457679
36,4c48305e96abd13aa25e7301,51.512198,-0.123524,Electronics Store,Shop & Service,0.04552461885470502
37,4ac518cdf964a520f2a520e3,51.502385,-0.135269,Park,Outdoors & Recreation,0.1977619514272676
38,4ac518cef964a520f6a520e3,51.500645,-0.124573,Monument / Landmark,Professional & Other Places,0.17361385876036922
39,4ac518f7f964a520c6af20e3,51.5312,-0.126343,Train Station,Travel & Transport,0.1045601779828525
40,4ad08393f964a52049d820e3,51.504733,-0.018104,Gym / Fitness Center,Outdoors & Recreation,0.15563928294781612
41,4b48c99ef964a520ee5626e3,51.518935,-0.180025,Gym,Outdoors & Recreation,0.1722794643634029
42,4ac7a2caf964a520adb820e3,51.507506,-0.114718,Theater,Arts & Entertainment,0.13622890804292145
43,4acdf4c0f964a520b0cd20e3,51.52048,-0.077752,Office,Professional & Other Places,0.08713536883578431
44,4acdb243f964a520b7cc20e3,51.505965,0.047979,Airport,Travel & Transport,0.58519998275366
45,4c6ce8d923c1a1cd4bdf1acf,51.539075,-0.142651,Neighborhood,Outdoors & Recreation,0.12555739913335875
46,4ad08b28f964a52064d820e3,51.507362,-0.221336,Mall,Shop & Service,0.14360260222433624
47,4acdeba7f964a5208bcd20e3,51.485846,-0.12381099999999999,Train Station,Travel & Transport,0.3049978559168607
48,4bfc2288a118a59360046eb6,51.41239,-0.065725,Train Station,Travel & Transport,2.5993019270997944
49,4ac518ecf964a52071ac20e3,51.501635,-0.160144,Department Store,Shop & Service,0.12144403240185148
50,4b114284f964a520657923e3,51.532161,-0.123596,General Entertainment,Arts & Entertainment,0.1012278727796989
51,4ac518d3f964a52076a720e3,51.507607,-0.09945599999999999,Art Gallery,Arts & Entertainment,0.16978609469108719
52,4ac518f4f964a520fbae20e3,51.540957,-0.14571900000000002,Market,Shop & Service,0.12998327682901006
53,4ad64197f964a5201d0621e3,51.508115000000004,-0.096946,Theater,Arts & Entertainment,0.14496839567935732
54,4b90c48bf964a520c29633e3,51.499138,-0.164197,Sandwich Place,Food,0.11761040896929204
55,4ad2de98f964a520c3e220e3,51.524996,-0.12523800000000002,Coffee Shop,Food,0.107523220864691
56,4ac518cef964a520f9a520e3,51.507988,-0.128049,Plaza,Outdoors & Recreation,0.058030413456854224
57,4c7551e63adda143e3f906af,51.541885,-0.003439,Train Station,Travel & Transport,0.13833578924800696
58,4ac518cdf964a520e9a520e3,51.497219,-0.17427,Science Museum,Arts & Entertainment,0.14156829896219147
59,4abf8c03f964a520079120e3,51.499165999999995,-0.162885,Department Store,Shop & Service,0.11543258197334992
60,4c2f34e0a0ced13ac112106e,51.506051,-0.089951,Church,Professional & Other Places,0.11543258197334992
61,4b0c1159f964a520633623e3,51.481732,-0.19100799999999998,Soccer Stadium,Arts & Entertainment,0.32041740715360545
62,4ac51183f964a52048a020e3,51.535645,-0.15574000000000002,Zoo,Arts & Entertainment,1.1337324605540517
63,4ac518d2f964a5203da720e3,51.519271999999994,-0.12684700000000002,History Museum,Arts & Entertainment,0.08973409239298555
64,4ac518cef964a52019a620e3,51.529211,-0.127437,Library,Professional & Other Places,0.08849534393827668
65,4bb9c73e53649c74a43948fb,51.493061,-0.22551999999999997,Pub,Nightlife Spot,0.19012608248854004
66,4ac518eaf964a52007ac20e3,51.502852000000004,0.003154,Music Venue,Arts & Entertainment,0.36990923655957353
67,4ed5ed9c8b81665993030b18,51.491679,-0.193846,Platform,Travel & Transport,0.19803442533584747
68,4ac518c8f964a52081a520e3,51.51182100000001,-0.129647,Gay Bar,Nightlife Spot,0.04068088830689072
69,4ace0a5df964a52007ce20e3,51.512826000000004,-0.132464,Cafe,Food,0.0463675830326513
70,4b1290d5f964a520da8a23e3,51.513537,-0.156147,Clothing Store,Shop & Service,0.08767250497591975
71,4ac518cef964a520f7a520e3,51.508021,-0.076261,Castle,Outdoors & Recreation,0.12998327682901006
72,4ac518cef964a52022a620e3,51.509516999999995,-0.098491,Bridge,Outdoors & Recreation,0.14901869917026245
73,4b93c146f964a520fe4f34e3,51.511001,-0.129449,Fast Food Restaurant,Food,0.042203279899100915
74,4c4d624bdb2c20a12730b972,51.543399,-0.0063159999999999996,Mall,Shop & Service,0.14496839567935732
75,4aef26ddf964a52019d621e3,51.515257,-0.141879,Road,Travel & Transport,0.06820545789669794
76,4adf8a61f964a520947b21e3,51.461147,-0.216744,Train Station,Travel & Transport,0.38270649402615475
77,4ac518d2f964a52026a720e3,51.50849,-0.16786199999999998,Park,Outdoors & Recreation,0.9222198635284841
78,4ad0de63f964a52093da20e3,51.507647,-0.022402000000000002,Movie Theater,Arts & Entertainment,0.1784180097466768
79,4d5ed23c149637047e12cf94,51.510525,-0.13116,Candy Store,Shop & Service,0.04714814593046293
80,4ac518cef964a52021a620e3,51.503467,-0.119648,Monument / Landmark,Professional & Other Places,0.13385073941182266
81,4ac518d0f964a52099a620e3,51.511751000000004,-0.131133,Neighborhood,Outdoors & Recreation,0.04980094028662155
82,4f78c861e4b0df5438042199,51.431771999999995,0.056662,Park,Outdoors & Recreation,0.7000763811286929
83,4acde81df964a52083cd20e3,51.460758,-0.187646,Pub,Nightlife Spot,0.6347961730343068
84,4cc5a6351e596dcb5666d967,51.431778,0.056633,Bus Line,Travel & Transport,0.7000763811286929
85,5036b369cc6417d4bcd9a160,51.491631,-0.193961,Subway,Travel & Transport,0.1919811244215917
86,4ac518d1f964a520e6a620e3,51.515285999999996,-0.141599,Road,Travel & Transport,0.06715086731050278
87,4ae5b238f964a52087a121e3,51.514351,-0.152693,Department Store,Shop & Service,0.0856419355434081
88,4f4ce981e4b0acb466e96fad,51.466919,0.008597,Women's Store,Shop & Service,0.5816304180005635
89,4af2066af964a52040e521e3,51.534085,-0.218904,Pub,Nightlife Spot,0.6823907603703502
90,4bcc08273740b7139c756365,51.531574,-0.126171,Train Station,Travel & Transport,0.10631656885895052
91,4ad0aa76f964a520f5d820e3,51.552873,-0.26041,Furniture / Home Store,Shop & Service,1.6057620877200913
92,4e175b25183880768f35a7e5,51.492596999999996,-0.148796,Bus Station,Travel & Transport,0.14156829896219147
93,4b4559bcf964a520190b26e3,51.542121,-0.147173,Clothing Store,Shop & Service,0.14156829896219147
94,4d95c92797d06ea8425ef20a,51.505528999999996,-0.116122,Farmers Market,Shop & Service,0.12331761190058996
95,4b1e6995f964a520b31924e3,51.514317,-0.134671,Cupcake Shop,Food,0.049235426201617166
96,4c52b7a4b6dabe9a24d2bb13,51.51227100000001,-0.123234,Neighborhood,Outdoors & Recreation,0.04605733118336203
97,4f22df5ee4b0020c2d201e70,51.482813,-0.009613,History Museum,Arts & Entertainment,0.2540546871175446
98,4ac518edf964a520b5ac20e3,51.48167700000001,-0.009184000000000001,Market,Shop & Service,0.24541972414850838
99,4b233922f964a520785424e3,51.527489,-0.153712,Park,Outdoors & Recreation,0.7598545612656591
100,4ac518d1f964a520d9a620e3,51.50436,-0.077696,Park,Outdoors & Recreation,0.1372933460007258
101,4bd195aa9854d13a9abff94d,51.513163,-0.158907,Monument / Landmark,Professional & Other Places,0.11724130897520153
102,4ac518cef964a520f8a520e3,51.505764,-0.075252,Bridge,Outdoors & Recreation,0.15911004984605234
103,4ac518cff964a52063a620e3,51.511066,-0.117191,History Museum,Arts & Entertainment,0.07615993422174898
104,4adb5c6ff964a5206b2621e3,51.508235,-0.116472,Bridge,Outdoors & Recreation,0.10747754097025633
105,4ac51183f964a52049a020e3,51.491043,-0.127888,Art Museum,Arts & Entertainment,0.25661240767794796
106,4ac518e7f964a52070ab20e3,51.510452,-0.1294,Movie Theater,Arts & Entertainment,0.03911539177675203
107,4ac518f8f964a520d3af20e3,51.40978,-0.305085,Neighborhood,Outdoors & Recreation,0.1900513882045905
108,4bda945c63c5c9b6336a2468,51.576669,-0.22416799999999998,Mall,Shop & Service,0.6347961730343068
109,4b65812df964a520adf22ae3,51.483681,-0.009248000000000001,Pier,Travel & Transport,0.2595616616485962
110,4ac518d0f964a52095a620e3,51.513083,-0.138777,Road,Travel & Transport,0.05747719664003752
111,4beaa62ab3352d7f656155d2,51.50324000000001,-0.12753399999999998,Government Building,Professional & Other Places,0.16277403205118957
112,4c8b873c1797236a4e9e6b88,51.40957,-0.306271,Flea Market,Shop & Service,0.2001454651025631
113,4ac518eff964a52064ad20e3,51.505564,-0.090884,Farmers Market,Shop & Service,0.11949411611299698
114,4ba6419bf964a520b23f39e3,51.511961,-0.122775,Market,Shop & Service,0.04820068519755681
115,4ac518cff964a5206ba620e3,51.515285999999996,-0.132209,Park,Outdoors & Recreation,0.05441164178725526
116,4b564cf5f964a5200e0a28e3,51.511564,-0.196941,Neighborhood,Outdoors & Recreation,0.1673695186995274
117,4ac518cdf964a520e8a520e3,51.496524,-0.176505,History Museum,Arts & Entertainment,0.13232509810832446
118,4be94236c5220f47a995aaca,51.497964,-0.049717000000000004,Train Station,Travel & Transport,0.5179473600294776
119,4acd9febf964a52069cc20e3,51.513583000000004,-0.134989,Coffee Shop,Food,0.05103552772683423
120,4ae2d9f8f964a5208d8f21e3,51.49681500000001,-0.171468,Art Museum,Arts & Entertainment,0.13232509810832446
121,4b5ed5d4f964a520619a29e3,51.54484,-0.008798,Train Station,Travel & Transport,0.15496464980697205
122,4abe4502f964a520558c20e3,51.501303,-0.142103,Castle,Outdoors & Recreation,0.23812919425238777
123,4b0fce4ff964a520196523e3,51.505444,-0.21771,Train Station,Travel & Transport,0.13993190170738262
124,4f5a1acb4fc67cbd9f63de83,51.58289600000001,-0.336289,Home (private),Residence,0.3570473684896525
125,4ac518f4f964a520e9ae20e3,51.50169,-0.191038,Grocery Store,Shop & Service,0.19012608248854004
126,4c513de4250dd13a41a4e17c,51.504629,-0.020299,Neighborhood,Outdoors & Recreation,0.14793973299511656
127,4ad0b8e9f964a5205fd920e3,51.494113,-0.17371099999999998,Subway,Travel & Transport,0.14381558836374797
128,4e6f102e52b1706317aa31eb,51.54408,-0.007659999999999998,Electronics Store,Shop & Service,0.14916547484126916
129,4b7979bff964a5205ffb2ee3,51.51546,-0.14136300000000002,Clothing Store,Shop & Service,0.06776693569851903
130,4ac518ebf964a52049ac20e3,51.541614,-0.145928,Market,Shop & Service,0.1332875323800683
131,4b1a97b7f964a520ffec23e3,51.418141,-0.178034,Train Station,Travel & Transport,0.8323133470628467
132,4bd43a47caff9521d654d6f0,51.414893,-0.181532,Grocery Store,Shop & Service,0.7387007493637544
133,4ac518d3f964a52067a720e3,51.508635999999996,-0.13926,Art Museum,Arts & Entertainment,0.05586013650671896
134,4b2f71d7f964a52070eb24e3,51.503974,-0.109241,Train Station,Travel & Transport,0.11528963868283787
135,4ad26ce6f964a52091e120e3,51.511284,-0.13203900000000002,Pub,Nightlife Spot,0.05122941846525512
136,4ac518ebf964a52047ac20e3,51.521570000000004,-0.071837,Flea Market,Shop & Service,0.131541346303662
137,4ac518c6f964a5200ea520e3,51.500929,-0.191691,Garden,Outdoors & Recreation,0.18505071927352232
138,4b51cc2df964a520f05527e3,51.462309999999995,-0.111773,Food Court,Food,0.2649158683274018
139,4ddec0ffe4cd19127387bc47,51.463384999999995,-0.170102,Train,Travel & Transport,0.2526691638996232
140,4c3c60a6933b0f47fdece321,51.516995,-0.177841,Train,Travel & Transport,0.11724130897520153
141,4ac518d0f964a52098a620e3,51.504556,-0.134811,Plaza,Outdoors & Recreation,0.1529781215159921
142,4f339ef1e4b0547a0dfc44af,51.51515300000001,-0.174902,College Residence Hall,College & University,0.11578950821426363
143,4f3cf096e4b0b928ae4594f0,51.504779,-0.15898900000000002,Park,Outdoors & Recreation,0.20363771252598367
144,4be3f1c42fc7d13a2a9e083a,51.512268,-0.139732,Road,Travel & Transport,0.05887935747360145
145,4acf7f88f964a5201ed420e3,51.547065,-0.180346,Subway,Travel & Transport,0.3917159958085084
146,4b3cd97bf964a520358825e3,51.544874,-0.22173299999999999,Gym,Outdoors & Recreation,0.9572595157174699
147,4e18a3ca6284ea7246faaec3,51.46761,-0.158348,Home (private),Residence,0.8091805104476117
148,4ac518e9f964a520d4ab20e3,51.554968,-0.108426,Soccer Stadium,Arts & Entertainment,0.4212945420799191
149,4ac518f8f964a52000b020e3,51.349981,-0.314269,Theme Park,Arts & Entertainment,0.6823907603703502
150,4acaf933f964a52031c320e3,51.515833,-0.204985,Flea Market,Shop & Service,0.22992733922989392
151,4b5b6769f964a52058fb28e3,51.521295,-0.07177599999999999,Neighborhood,Outdoors & Recreation,0.1301756455546106
152,4ad03d4df964a520c1d720e3,51.470108,-0.46056099999999994,Airport Lounge,Travel & Transport,0.19551313527519035
153,4ad25c1bf964a52025e120e3,51.512256,-0.132927,Gay Bar,Nightlife Spot,0.04753626110539868
154,4b17ee62f964a520d5c923e3,51.497867,0.061547000000000004,Boat or Ferry,Travel & Transport,1.7328679513998633
155,4ad8ba95f964a520161421e3,51.509997999999996,-0.134025,Subway,Travel & Transport,0.05142873763542724
156,4be72e504485d13a11e893ee,51.431627,0.056786,Chinese Restaurant,Food,0.7000763811286929
157,4c6a4cc2c946e21ef761ec8e,51.431731,0.056655999999999984,Dentist's Office,Professional & Other Places,0.7000763811286929
158,4b4188b9f964a5205fc725e3,51.449540999999996,-0.357699,Train Station,Travel & Transport,0.8600430986177866
159,4c1030cb3708d13ad810615b,51.496187,0.062313,Subway,Travel & Transport,1.6057620877200913
160,4cf15b28899c6ea8bc16f0c1,51.477522,-0.40584899999999996,Home (private),Residence,0.8323133470628467
161,4c08f35cffb8c9b6fafc6861,51.508115000000004,-0.10956300000000001,Neighborhood,Outdoors & Recreation,0.1673695186995274
162,4ac518eef964a52003ad20e3,51.509437,-0.13557,Bookstore,Shop & Service,0.05875568734833214
163,4acda8b1f964a5208ecc20e3,51.524045,-0.109536,Office,Professional & Other Places,0.14408556667079525
164,4ae5f7b7f964a5209ba321e3,51.546088,-0.103903,Train Station,Travel & Transport,0.31719836345211416
165,4b6afe60f964a5204deb2be3,51.509532,-0.135511,Coffee Shop,Food,0.05785819198565667
166,4acf1c94f964a52071d220e3,51.465451,-0.013819,Train Station,Travel & Transport,0.58519998275366
167,4b54b78bf964a520a8c827e3,51.506739,-0.142763,Subway,Travel & Transport,0.09031567854989639
168,4d188962bb488cfaa46fb5d4,51.546615,-0.006351,Housing Development,Residence,0.16350288976250432
169,4c4b00809c8d2d7f95b5586a,51.550338,-0.015278,Track Stadium,Arts & Entertainment,0.8899213376865164
170,4acf786af964a520e6d320e3,51.530212,-0.12385399999999999,Subway,Travel & Transport,0.09639338869886044
171,4bfd71712b83b713bbb7a998,51.508555,-0.12501199999999998,Subway,Travel & Transport,0.057100012912466525
172,4b581777f964a520af4a28e3,51.498899,-0.191467,Hotel,Travel & Transport,0.17312830833223822
173,4acda5bbf964a5207ecc20e3,51.523885,-0.076261,Lounge,Nightlife Spot,0.09279134784648044
174,4e1769e9d1648b834828525b,51.50091,0.070325,Other Great Outdoors,Outdoors & Recreation,1.2531140530851854
175,4ba3c322f964a5208a5c38e3,51.376138,-0.092114,Platform,Travel & Transport,0.31817996511632146
176,4ba95c9ef964a520fc213ae3,51.376174,-0.092783,Platform,Travel & Transport,0.3124344083825452
177,4bed50c59868a593902c5d46,51.52039600000001,-0.101588,Office,Professional & Other Places,0.105297135157394
178,4bdd469b645e0f47b6366b19,51.584823,-0.362501,Train Station,Travel & Transport,2.3025850929940455
179,4ace2fb1f964a520ecce20e3,51.50092100000001,-0.16273800000000002,Office,Professional & Other Places,0.11798202047634669
180,4ebb9c1b6da16868249fb105,51.501959,-0.161722,Office,Professional & Other Places,0.12346381484268588
181,4d3c8b1fd625224b551392fa,51.552409000000004,-0.296209,Building,Professional & Other Places,0.6656668362975955
182,4c6a984d8e7c0f47d388e20f,51.501853000000004,-0.140756,Monument / Landmark,Professional & Other Places,0.25462416812940325
183,4d0b8ee6691f5941bf80b172,51.523007,-0.200322,Performing Arts Venue,Arts & Entertainment,0.4851804567157558
184,4ac518cdf964a520e6a520e3,51.508722,-0.128328,Art Museum,Arts & Entertainment,0.05271018466720204
185,4bd2fa6641b9ef3becf7fee5,51.519666,-0.075424,Flea Market,Shop & Service,0.0887900842946063
186,4c9c6a059c48236a1cb14dee,51.509898,-0.134963,Plaza,Outdoors & Recreation,0.05446147925016143
187,4b2e246ef964a520f9dc24e3,51.539449,-0.16089,Park,Outdoors & Recreation,0.8600430986177866
188,4efe28af29c201c6fbc3563d,51.507921,0.018067,General Travel,Travel & Transport,0.8899213376865164
189,4b0e5269f964a520cd5623e3,51.402526,-0.342625,Train Station,Travel & Transport,0.7387007493637544
190,4f456ae6e4b09e5f756d5dc1,51.362589,-0.19288,Home (private),Residence,0.43994708435019503
191,4db2bf7a4b226b343d687a9d,51.499207,-0.088006,Home (private),Residence,0.260692156560991
192,4b699875f964a520efa82be3,51.461828000000004,0.027530000000000002,Train Station,Travel & Transport,1.8850409497251848
193,4ac518cff964a52065a620e3,51.434508,-0.21461999999999998,Tennis,Event,1.037164860181224
194,4b5dee57f964a520767429e3,51.496093,-0.143981,Subway,Travel & Transport,0.09887440227048916
195,4bed05629868a5937cdb5c46,51.492470000000004,-0.223358,Bus Station,Travel & Transport,0.19551313527519035
196,4ac518edf964a520c1ac20e3,51.514337,-0.126985,Coffee Shop,Food,0.05079303109427124
197,4b47592ff964a5207a2f26e3,51.517229,-0.13033499999999998,Gym,Outdoors & Recreation,0.062011814102711296
198,4acefee0f964a5203ad220e3,51.524844,-0.081478,Bar,Nightlife Spot,0.07737685928659663
199,4d8a3c2a5ecdf04dcaa9ba8a,51.541242,-0.11167,Home (private),Residence,0.8600430986177866
200,4cb578923ac93704136acc0a,51.548525,-0.013938999999999998,Basketball Stadium,Arts & Entertainment,0.8065002106058106
201,4ac518cef964a5201da620e3,51.537366999999996,-0.038109,Park,Outdoors & Recreation,0.7598545612656591
202,4d9598d4c19fb60c528e6965,51.522553,-0.102497,Cafe,Food,0.1153093532806714
203,4b27a391f964a5200a8824e3,51.539636,-0.013175,Stadium,Arts & Entertainment,0.5585524136781528
204,4ae187d8f964a5203b8621e3,51.41152,-0.30454899999999996,Mall,Shop & Service,0.1919811244215917
205,4b6be58ef964a520d41b2ce3,51.517236,-0.130634,Hotel,Travel & Transport,0.061424859217603836
206,4acd7f02f964a52034cc20e3,51.520342,-0.07273099999999999,Coffee Shop,Food,0.10482283496719844
207,4bd0432a9854d13a6855f74d,51.524042,-0.096962,Cafe,Food,0.16275260253662352
208,4ae9970cf964a5203bb521e3,51.501083,-0.124819,Subway,Travel & Transport,0.17206010459702992
209,4bd431c3caff95215d4bd6f0,51.580422999999996,-0.076475,Hardware Store,Shop & Service,0.8899213376865164
210,4ac518b9f964a520b0a120e3,51.50383400000001,-0.148895,American Restaurant,Food,0.18407061499389366
211,4b70510cf964a52028122de3,51.507861,-0.07862100000000001,Scenic Lookout,Event,0.11543258197334992
212,4ace3173f964a520f9ce20e3,51.515201,-0.141811,Subway,Travel & Transport,0.06739584674541392
213,4b96b2bbf964a520c2de34e3,51.503614,-0.144024,Park,Outdoors & Recreation,0.1605457320154601
214,4b34b457f964a520532825e3,51.538408000000004,-0.016479,Stadium,Arts & Entertainment,0.8323133470628467
215,4ac518d1f964a520c3a620e3,51.510378,-0.130119,Plaza,Outdoors & Recreation,0.04252932639752886
216,4d29b8efb818a35de44ca18a,51.55811,-0.282823,Performing Arts Venue,Arts & Entertainment,0.4914987583748957
217,4ac518f0f964a520afad20e3,51.515359000000004,-0.14185699999999998,Sporting Goods Shop,Shop & Service,0.06871414994446824
218,4ad42a96f964a5205ce720e3,51.463271999999996,-0.301802,Train Station,Travel & Transport,0.35297445875780753
219,4ace3a62f964a52039cf20e3,51.514752,-0.12471199999999999,Performing Arts Venue,Arts & Entertainment,0.05238836098061642
220,4ac518c9f964a52094a520e3,51.519552000000004,-0.102396,Nightclub,Nightlife Spot,0.09503165585416001
221,4b03382df964a520a74d22e3,51.555822,-0.279508,Stadium,Arts & Entertainment,0.6347961730343068
222,4ac518cdf964a520eea520e3,51.49947,-0.128558,Church,Professional & Other Places,0.1421229893490462
223,4b8bbb69f964a520cba832e3,51.53375,-0.06772,Park,Outdoors & Recreation,0.4678538243541399
224,4b86e8e6f964a52061a531e3,51.464067,-0.170486,Platform,Travel & Transport,0.28095412224264527
225,4be42b362468c928005dfe42,51.500628000000006,-0.12683599999999998,Plaza,Outdoors & Recreation,0.16426069794415363
226,4ac518d0f964a52097a620e3,51.500809000000004,-0.121794,Bridge,Outdoors & Recreation,0.1845061983311541
227,4b6c36eaf964a520d7292ce3,51.513797,0.008406,Light Rail,Travel & Transport,1.2595698303859768
228,4cbca95a0180721e9eb8a561,51.470917,-0.354905,Bus Station,Travel & Transport,0.5087882743725235
229,4d338eb82e56236a6c4527b4,51.415937,-0.054288,Other Great Outdoors,Outdoors & Recreation,1.037164860181224
230,4b3f5889f964a520c2a525e3,51.510202,-0.139845,Clothing Store,Shop & Service,0.060456768042747126
231,4bd2b82c41b9ef3b7ba0fee5,51.481269,-0.021812,College Residence Hall,College & University,0.7824046010856291
232,4bfcc7bfbf6576b0fc5dacb8,51.376127000000004,-0.09320099999999999,Platform,Travel & Transport,0.30422825528575514
233,4bb8fad5cf2fc9b6a819a002,51.500595000000004,-0.144539,Garden,Outdoors & Recreation,0.17933389892995058
234,4ad0db2cf964a52077da20e3,51.484349,0.017853,Train Station,Travel & Transport,1.8850409497251848
235,4ac518b4f964a52072a020e3,51.505323,-0.150719,Hotel,Travel & Transport,0.1714395769885355
236,4bd6aa327b1876b04cd78c86,51.489065999999994,-0.19753900000000002,Event Space,Event,0.21768898521394647
237,4f894efde4b076717aa7d84a,51.415193,-0.064328,Home (private),Residence,1.3241890959783105
238,4b5437bcf964a520ccb427e3,51.513059999999996,-0.134487,Coffee Shop,Food,0.050765857905363566
239,4d63c1bc79deb1f707e01d11,51.511666999999996,-0.122749,Ice Cream Shop,Food,0.0547798788659705
240,4acde780f964a5207dcd20e3,51.528523,-0.090513,Restaurant,Food,0.17573008043819777
241,4ac518d3f964a5204da720e3,51.519692,-0.093727,Performing Arts Venue,Arts & Entertainment,0.12346381484268588
242,4c00e785ad15a59377958e73,51.403622999999996,-0.342422,Bridge,Outdoors & Recreation,0.7000763811286929
243,4e10c02045dde6c62dcd8b19,51.507193,-0.12754400000000002,City,Outdoors & Recreation,0.0712232965612358
244,4ba878e5f964a52057dc39e3,51.375718,-0.092611,Platform,Travel & Transport,0.31817996511632146
245,4ac518f7f964a520a3af20e3,51.508088,0.026307,Convention Center,Professional & Other Places,0.43297658057629174
246,4b1ab25af964a5209eef23e3,51.532035,-0.177348,Scenic Lookout,Event,0.5477533293342352
247,4ace2fe8f964a520f0ce20e3,51.392445,-0.303948,Train Station,Travel & Transport,0.6498254817749486
248,4ccf12e1ee23a143d2e52fa8,51.532295,0.0036479999999999998,Light Rail,Travel & Transport,1.190073039348287
249,4e2ecd5f7d8bf59d290fdd55,51.481526,0.057633000000000004,Arts & Entertainment,Arts & Entertainment,2.6859453246697873
250,4af9a82df964a520fd1222e3,51.504702,-0.086828,Building,Professional & Other Places,0.11198929466790075
251,4ad6d3d4f964a5204b0821e3,51.510979,-0.12091400000000001,Hotel,Travel & Transport,0.05659257341254938
252,4d2c4313f7a9224be36d16a0,51.481597,-0.021113999999999997,College Academic Building,College & University,0.7598545612656591
253,4b97b8e0f964a520c81135e3,51.488023999999996,-0.230584,Bridge,Outdoors & Recreation,0.6823907603703502
254,4afd437bf964a520312722e3,51.499383,-0.314103,Subway,Travel & Transport,0.9222198635284841
255,4ad9cc01f964a520ef1a21e3,51.535055,-0.10371,Breakfast Spot,Food,0.13232509810832446
256,4add5a40f964a520e76421e3,51.541384,-0.003047,Subway,Travel & Transport,0.13993190170738262
257,4c4b023d959220a12e06f20e,51.540149,-0.010668,Pool,Event,0.18407061499389366
258,4bd07820462cb7137561d807,51.505764,-0.117835,Ramen /  Noodle House,Food,0.13390912795803142
259,4d9c64e45c33a35dbccce8a0,51.518192,-0.116432,Korean Restaurant,Food,0.09905612775900449
260,4b11012bf964a5205d7723e3,51.51629000000001,-0.176699,Grocery Store,Shop & Service,0.11437587040357056
261,4b97ba48f964a520201235e3,51.49216,-0.22362800000000002,Mall,Shop & Service,0.19551313527519035
262,4be52e42910020a160b5d214,51.530853,-0.12548399999999998,Wine Bar,Nightlife Spot,0.10203938914789333
263,4dd14418183899ddfb17f04d,51.408214,-0.305797,City Hall,Professional & Other Places,0.22430806874813258
264,4ae9aad0f964a52093b521e3,51.532181,-0.126375,Deli / Bodega,Food,0.10844773720916033
265,4ad078a6f964a52026d820e3,51.46279000000001,-0.115053,Grocery Store,Shop & Service,0.25661240767794796
266,4c08442c7e3fc9287618f082,51.507227,-0.152285,Hotel,Travel & Transport,0.14614134343081375
267,4bb22b27f964a5209cbf3ce3,51.511787,-0.123081,Pub,Nightlife Spot,0.0528025790366674
268,4b13818cf964a520729723e3,51.453312,-0.102353,Train Station,Travel & Transport,0.8899213376865164
269,4cfe32812c6459411bec454a,51.370441,-0.100036,Taco Place,Food,0.2884976028272339
270,4ba49612f964a520d7a538e3,51.616413,-0.176819,Coffee Shop,Food,0.9572595157174699
271,4e567924315193507c7ffc13,51.542759000000004,-0.00442,Mexican Restaurant,Food,0.14047281454268776
272,5069996c3d7cfe42e733ac43,51.417719,-0.060684,Train Station,Travel & Transport,1.2531140530851854
273,4c0a3c367e3fc928d838f382,51.514641999999995,-0.140978,Italian Restaurant,Food,0.06288669633121395
274,4ac518c3f964a52034a420e3,51.519258,-0.074519,Pub,Nightlife Spot,0.09519654845260968
275,4ac518d2f964a5202fa720e3,51.46990200000001,0.005386,Park,Outdoors & Recreation,0.6656668362975955
276,4bc35fce4cdfc9b619409721,51.504503,-0.061367,Gym,Outdoors & Recreation,0.8600430986177866
277,4ad12f23f964a52054dd20e3,51.505590999999995,-0.122223,Pub,Nightlife Spot,0.11301580926773838
278,4ac518cef964a520f3a520e3,51.442025,-0.275345,Park,Outdoors & Recreation,3.4657359027997265
279,4afc9a04f964a5204c2422e3,51.511186,-0.132582,Malaysian Restaurant,Food,0.050911468410530104
280,4ac518b9f964a520a5a120e3,51.515648,-0.132482,Gay Bar,Nightlife Spot,0.05593815515347487
281,4bca0ac90687ef3bf51bdbcc,51.498512,-0.137212,Hotel,Travel & Transport,0.13525845530602282
282,4edf98da4901ab1d4f781023,51.499206,0.066605,Park,Outdoors & Recreation,1.190073039348287
283,4c20b33c132f0f474e07a796,51.435283,-0.214856,Tennis Court,Outdoors & Recreation,1.037164860181224
284,4c1f5bffb4e62d7f407bdf93,51.433704999999996,-0.214062,Tennis Court,Outdoors & Recreation,1.037164860181224
285,4ba16595f964a5206fb337e3,51.374719,-0.093696,Sandwich Place,Food,0.2540546871175446
286,4b4a25fcf964a5205b7c26e3,51.526208000000004,-0.211112,College Gym,College & University,0.6931471805599452
287,4cebec77678aa0934736fbea,51.508195,0.035126,Hotel,Travel & Transport,0.5536223941589382
288,4cfa6667ee9cb60c44fd89ad,51.519349,-0.10903199999999999,Coffee Shop,Food,0.12464942707390164
289,4f8c8869e4b0af4d50d001db,51.491471999999995,-0.19424,Platform,Travel & Transport,0.1881632237860286
290,4f575d0fe4b0b3e21057a3ca,51.522603000000004,-0.135348,Tech Startup,Professional & Other Places,0.08930281155389459
291,4d274945d86aa09024d41dc0,51.506515,-0.123982,Hotel,Travel & Transport,0.09985869442122786
292,4b0a52daf964a5203e2323e3,51.52433900000001,-0.132866,University,College & University,0.10294333774962541
293,4dca3cead22da18f4e5efe68,51.538595,-0.013153999999999999,Monument / Landmark,Professional & Other Places,0.7824046010856291
294,4daadb9d0437dccbd80f28c7,51.505569,-0.149087,Mosque,Professional & Other Places,0.14047281454268776
295,4bb57201f562ef3b7e062f97,51.484916999999996,-0.12359300000000001,Nightclub,Nightlife Spot,0.3079510715877436
296,4c21c2ea7e85c92882f7ba21,51.576537,0.044935,Road,Travel & Transport,2.5993019270997944
297,4ac518b5f964a520c2a020e3,51.508055,-0.143844,Hotel,Travel & Transport,0.0763058591317549
298,4faeb23fe4b0efef5ec3f23e,51.402188,-0.194697,Train Station,Travel & Transport,1.3241890959783105
299,4b2b3630f964a5201fb524e3,51.5073,-0.071197,Harbor / Marina,Outdoors & Recreation,0.218005286103092
300,4ad378ebf964a5209ee420e3,51.617853000000004,-0.185571,Train Station,Travel & Transport,3.4657359027997265
301,4acef39ef964a5201cd220e3,51.451707,-0.148273,Gastropub,Food,0.8323133470628467
302,4ace1360f964a5203ace20e3,51.521705,-0.10327599999999999,Office,Professional & Other Places,0.10531064639003979
303,4e68804a14954826adb27714,51.507791999999995,-0.131246,Coworking Space,Professional & Other Places,0.062292103229535836
304,4f9e89ade4b0e5be4139d2d9,51.524178000000006,-0.077865,Theater,Arts & Entertainment,0.09296708041680994
305,4f6c73f1121d7483f0b08489,51.548263,-0.020674,Soccer Stadium,Arts & Entertainment,0.7387007493637544
306,4b5469f8f964a52064ba27e3,51.487311,-0.220558,Hospital,Professional & Other Places,0.49997885225891836
307,4dde0cd61f6e0369473a8537,51.550865,-0.013306,Racetrack,Arts & Entertainment,0.9572595157174699
308,4b72fb14f964a520ae932de3,51.511627000000004,-0.116376,University,College & University,0.08302833427427578
309,4bab5eaaf964a52018a43ae3,51.486755,-0.328517,Office,Professional & Other Places,0.7188128019169908
310,4ad63980f964a520d70521e3,51.443442,-0.15140499999999998,Bar,Nightlife Spot,0.45342870718473244
311,4ad80a2cf964a5209d1021e3,51.52388,-0.143497,Subway,Travel & Transport,0.17723137958926596
312,4bcf5075462cb713d677d607,51.458325,-0.30598600000000004,Neighborhood,Outdoors & Recreation,0.2964974309893408
313,4af59b56f964a52040fa21e3,51.504729,-0.019763,Coffee Shop,Food,0.14978661367769955
314,4e4c0069fa7671a85cf12d69,51.539049,-0.058234,Brewery,Nightlife Spot,0.38383189737710144
315,4bd860ec5cf276b084129d00,51.514229,-0.141148,Cocktail Bar,Nightlife Spot,0.06159109229012104
316,4b6432cbf964a520a9a32ae3,51.46066500000001,-0.166748,Portuguese Restaurant,Food,0.22085843671448982
317,4c2ce557ae6820a122121a43,51.54412,-0.109777,Neighborhood,Outdoors & Recreation,0.4212945420799191
318,4bd865455cf276b0c61e9d00,51.505353,-0.07996900000000001,Gym,Outdoors & Recreation,0.129525585172929
319,4fa8fd5ee4b01128c16059fb,51.504844,-0.118451,Fair,Professional & Other Places,0.13277870045177562
320,4f56ff56e4b08705cd288dde,51.376839000000004,-0.09243,Train Station,Travel & Transport,0.34025386004032626
321,4c1cd32bb306c928426b64b7,51.519484999999996,-0.093944,Art Gallery,Arts & Entertainment,0.1226472725901276
322,4b336e66f964a520611925e3,51.500916,-0.162445,Pub,Nightlife Spot,0.11873288416110345
323,4eea4932722edd1072c6eea4,51.543933,-0.007811,Dessert Shop,Food,0.14854987321686017
324,4af0927bf964a5204fdd21e3,51.417983,-0.178781,Pub,Nightlife Spot,0.7598545612656591
325,4c9b1641292a6dcbca68d476,51.560887,-0.279631,Plaza,Outdoors & Recreation,0.47545293661123295
326,4e6f66aeaeb74b05753dca03,51.544307,-0.008787,Bar,Nightlife Spot,0.15232810815791994
327,4b083987f964a520b40623e3,51.49287,-0.176591,Italian Restaurant,Food,0.14496839567935732
328,4acdabe2f964a5209fcc20e3,51.514511999999996,-0.13884200000000002,Dim Sum Restaurant,Food,0.05350033645465555
329,4ac518cdf964a520f0a520e3,51.504976,-0.12866,Stables,Outdoors & Recreation,0.10917778488349969
330,4f89a63de4b057e280abe9e3,51.543223,-0.009022,Scenic Lookout,Event,0.14978661367769955
331,4ae5fe24f964a520dfa321e3,51.424523,-0.332629,Train Station,Travel & Transport,0.6347961730343068
332,4f2297bce4b012e02d2b9368,51.472738,-0.137034,Building,Professional & Other Places,1.190073039348287
333,4b68aba5f964a52035862be3,51.502534999999995,-0.118104,Hotel,Travel & Transport,0.13578894977413747
334,4f9e49fbe4b033dc2c420b74,51.541575,-0.002932,Building,Professional & Other Places,0.13939546429699623
335,4acddcebf964a52050cd20e3,51.53055300000001,-0.22470500000000002,Train Station,Travel & Transport,1.0830424696249146
336,4fc649aae4b0f1d460fd4fd2,51.511404,-0.224503,Residential Building (Apartment / Condo),Residence,0.26732300057132374
337,4bdc9612c79cc928ae3d87e9,51.461416,-0.22118400000000002,Residential Building (Apartment / Condo),Residence,0.5087882743725235
338,4fca6ac3e4b0e1d3a3460eb6,51.431788,0.05665,Travel Lounge,Travel & Transport,0.7000763811286929
339,4bebc5fb9fa3ef3b514580c9,51.427872,-0.168443,Pub,Nightlife Spot,0.46051701859880906
340,4fbab91ae4b0d498b3c8ee87,51.541135,-0.194118,Home (private),Residence,0.4335306691781684
341,4fd26187e4b0d6a2d52bcda4,51.431743,0.05662200000000001,Dive Bar,Nightlife Spot,0.7000763811286929
342,5036b36dcc6417d4bcd9a280,51.563503000000004,-0.27968899999999997,Subway,Travel & Transport,0.6823907603703502
343,4dd65b76fa76ad96d108f4e2,51.508094,0.023492,Event Space,Event,0.5087882743725235
344,4ce1265fffcf370406ec2382,51.498436,-0.148017,Building,Professional & Other Places,0.13426519319110497
345,4fcce385e4b082348acda236,51.530767,-0.052844,Home (private),Residence,0.39895764523183713
346,4fd43c68e4b0f4325cf5dd8b,51.587183,-0.165009,Subway,Travel & Transport,0.9954219273489194
347,4ea0154893ad3307df607e16,51.543506,-0.009613,Gift Shop,Shop & Service,0.151684033230912
348,506999643d7cfe42e733a829,51.375892,-0.092692,Train Station,Travel & Transport,0.3124344083825452
349,4b6ace94f964a5203ce12be3,51.542445,0.002747,Pub,Nightlife Spot,0.3079510715877436
350,4fc31eede4b05b8503be268b,51.51743,-0.097083,Gym,Outdoors & Recreation,0.10476680667927649
351,4b75932df964a52058152ee3,51.473968,-0.183726,Hotel,Travel & Transport,0.7000763811286929
352,4c4c002b959220a1d8065d10,51.56162,-0.071392,Gym,Outdoors & Recreation,0.5637225050732924
353,4be565d95254d13a038460e1,51.434414000000004,-0.199578,Train Station,Travel & Transport,1.3241890959783105
354,4c2473a1f1272d7f9c0d83c5,51.373281,-0.361819,Racetrack,Arts & Entertainment,1.3241890959783105
355,4be2c0dfee0062b5825bb3c8,51.501646,-0.186138,Residential Building (Apartment / Condo),Residence,0.20006762662901112
356,4fbd123ee4b04c2c0a9afbfe,51.404575,-0.18144100000000002,Home (private),Residence,1.4978661367769954
357,4fb0ffe7e4b047f11df639ea,51.508938,-0.138451,Bank,Shop & Service,0.05659971658499201
358,4d9a1a35d97ba1439554316b,51.426649,-0.166666,General Entertainment,Arts & Entertainment,0.49997885225891836
359,4eebbcc16da1536878a69700,51.428501000000004,-0.167284,Neighborhood,Outdoors & Recreation,0.47545293661123295
360,4be5a870d4f7c9b6b6b32520,51.412671,-0.183549,Pub,Nightlife Spot,0.9797844908533353
361,5036b36acc6417d4bcd9a1ba,51.47502,-0.182988,Train Station,Travel & Transport,0.7188128019169908
362,4fb5099de4b0ccfe26ce4522,51.499889,0.007937999999999999,General Travel,Travel & Transport,0.36122462395118027
363,4c7bd32397028cfaa1f5e1fe,51.41403,-0.177015,Miscellaneous Shop,Shop & Service,0.8323133470628467
364,4c1bab8ab4e62d7f9cc2d993,51.435404,-0.215971,Scenic Lookout,Event,1.037164860181224
365,4e4fecf52271a1bdc3e53057,51.50507,-0.09840499999999999,Hotel,Travel & Transport,0.14268239281207445
366,4d2ac93cebacb1f7c16e0650,51.421014,-0.152342,Bus Line,Travel & Transport,3.4657359027997265
367,4fcac687e4b039f7d3eac4d5,51.583334,-0.10005399999999999,Home (private),Residence,0.48332923215638335
368,4c0f94b796fc952123efc0cb,51.52837,-0.134068,Platform,Travel & Transport,0.13261978063447083
369,4ffb1d29e4b0d61585c03203,51.446706,0.029262,Home (private),Residence,2.3025850929940455
370,4fe76023e4b09198fe41e409,51.431666,0.056653999999999996,Comedy Club,Arts & Entertainment,0.7000763811286929
371,4fc347f2e4b03f9cfa65f30f,51.401923,-0.178117,Garden,Outdoors & Recreation,1.4050192969810524
372,4dfc81138877e9c47492e5ff,51.499577,-0.033165,Cafe,Food,1.3241890959783105
373,4fdb7842e4b03d02686667c9,51.547643,-0.023365,Office,Professional & Other Places,0.8065002106058106
374,4ada5409f964a5205c2121e3,51.515144,-0.199507,Thai Restaurant,Food,0.22835995513924962
375,4fec636fe4b08f550ab9a5c2,51.502992,-0.164995,Department Store,Shop & Service,0.1605457320154601
376,4b3cb4c9f964a5205c8625e3,51.514004,-0.102568,Pub,Nightlife Spot,0.13085464602073293
377,4bfe3ad2f7c82d7f1f488f04,51.473251,-0.356495,Subway,Travel & Transport,0.5698333342482014
378,5069996f3d7cfe42e733ae11,51.418338,-0.417459,Train Station,Travel & Transport,1.1337324605540517
379,4f322a43e4b092d58c63127a,51.424969,-0.41687799999999997,Home (private),Residence,2.986265782046758
380,4d711fd24a0b60fcbeab259f,51.507189000000004,-0.09690399999999999,Office,Professional & Other Places,0.14381558836374797
381,5005c59ce4b068f793099fad,51.431616,0.056646,Voting Booth,Professional & Other Places,0.7000763811286929
382,4fa55ca0e4b0ddd496196161,51.541949,-0.018328999999999998,Fast Food Restaurant,Food,0.6656668362975955
383,500f2475e4b0a7636de6651f,51.54733,-0.022285,Office,Professional & Other Places,0.8065002106058106
384,4fed896ae4b0caa9aba438c3,51.604374,-0.11192300000000001,Home (private),Residence,1.4978661367769954
385,500d192be4b02f47f7f9387f,51.546971,-0.014426,Event Space,Event,0.5477533293342352
386,5003b51ce4b07d578e0170bc,51.421867,-0.06944600000000001,Athletic & Sport,Event,1.7328679513998633
387,4fc95dfce4b092e3b94dd33a,51.593676,-0.13145199999999999,General Entertainment,Arts & Entertainment,1.6057620877200913
388,4f6c5507121d7483f0ac8610,51.507241,-0.15837400000000001,General Entertainment,Arts & Entertainment,0.33051845531883395
389,4f6c6f74121d7483f0afe569,51.490055,0.067896,General Entertainment,Arts & Entertainment,0.47545293661123295
390,5011be6ce4b07ac9f0c6914e,51.509817,-0.11919300000000001,Event Space,Event,0.07091792430032648
391,4c0894cd340720a1c4708393,51.550234,-0.010870999999999999,Building,Professional & Other Places,0.9222198635284841
392,4d5ce4625d1537046cce77e7,51.583564,-0.021904,Plaza,Outdoors & Recreation,0.46051701859880906
393,50073fc8e4b0537875dadd57,51.467652,-0.12311400000000006,Home (private),Residence,0.9572595157174699
394,5012d148e4b0be9af4b1c577,51.538801,-0.0164,General Entertainment,Arts & Entertainment,0.7824046010856291
395,4f95985333bde2c764ee3483,51.538928999999996,-0.016503999999999998,Stadium,Arts & Entertainment,0.7824046010856291
396,500d6c7ce4b05322f27a3386,51.508835999999995,-0.084109,Event Space,Event,0.09336087470122238
397,4fd390c7e4b0211979175fd2,51.537259999999996,-0.011909000000000001,Fast Food Restaurant,Food,0.7598545612656591
398,4dbac304cda173a95d204a22,51.508542999999996,-0.14449700000000001,Cupcake Shop,Food,0.07572572459133853
399,5013975be4b07f20b2fbbf6d,51.504761,-0.129011,Stadium,Arts & Entertainment,0.11794653017856689
400,500accfae4b00d76e4b01f36,51.49722,-0.176656,Science Museum,Arts & Entertainment,0.1372933460007258
401,4ebd0869b6341bd7890875ba,51.542684,-0.006218,Casino,Arts & Entertainment,0.1443895079551377
402,4f6c728f121d7483f0b05181,51.541144,-0.012403,Pool,Event,0.20485869001416313
403,5012d58ae4b06bc0bd21b164,51.501273,-0.17871199999999998,Event Space,Event,0.25074654275803043
404,4cf5177ee3b9a0935c475253,51.54428,-0.020127000000000003,Stadium,Arts & Entertainment,0.5939814054188965
405,5013a2bae4b01be6221fe668,51.489463,-0.179773,Racetrack,Arts & Entertainment,0.246995186366472
406,5007efdde4b0dde025182fa7,51.502146999999994,-0.179792,Event Space,Event,0.27382788395978025
407,4ff71c0ee4b01992aa9501e7,51.508266,-0.189579,Theme Park,Arts & Entertainment,0.19331903970539735
408,50111cf5e4b0bc7cf403e424,51.507339,-0.024012000000000002,Building,Professional & Other Places,0.18505071927352232
409,4f8d6bcc754abf3657a96e7e,51.507605,0.030855,Stadium,Arts & Entertainment,0.42178636992578633
410,501a69f7e4b040bdc8bf67d5,51.479867,-0.002829,Other Great Outdoors,Outdoors & Recreation,0.3827064940261548
411,4ffac22af2e74b7fe55ce9c4,51.507808000000004,-0.075788,Event Space,Event,0.13475985017712222
412,50015616e4b062a7b2416d00,51.508098,0.028768000000000002,Stadium,Arts & Entertainment,0.41121275091544734
413,500d37efe4b0f6804fa85e8a,51.510457,-0.117073,Art Gallery,Arts & Entertainment,0.08253648064391214
414,5013e267e4b0260c41d59482,51.498636,-0.174247,General Entertainment,Arts & Entertainment,0.15840256142819606
415,4fe59fa1e4b032d6531e6bb3,51.53933,-0.016355,Mobile Phone Shop,Shop & Service,0.7824046010856291
416,4bc4be7f4cdfc9b68f179921,51.491926,-0.194492,Hotel,Travel & Transport,0.2001454651025631
417,4fdb6829e4b039664cf873f5,51.506966,-0.11611500000000001,Mexican Restaurant,Food,0.12330205461581187
418,4f8d6b56754abf3657a95eb4,51.507697,0.033618,Stadium,Arts & Entertainment,0.5085576640106907
419,5012b53616486d4cf78585ec,51.509971,-0.077484,General Entertainment,Arts & Entertainment,0.11724130897520153
420,4f6c6eec121d7483f0afd27f,51.537871,-0.033545,General Entertainment,Arts & Entertainment,1.4978661367769954
421,4f8d6c2f754abf3657a97c33,51.508678,0.028066000000000004,Stadium,Arts & Entertainment,0.42178636992578633
422,500a871ae4b0c26242f35558,51.546468,-0.019285,Event Space,Event,0.5939814054188965
423,5012a2e1e4b0354628d47f4e,51.509593,-0.159854,Music Venue,Arts & Entertainment,0.24885548183722986
424,501430ffe4b03546298bf94d,51.547391999999995,-0.017858000000000002,Event Space,Event,0.6347961730343068
425,5013decde4b02c1e0bfe3eaa,51.541502,-0.01818,Sporting Goods Shop,Shop & Service,0.6656668362975955
426,501186008302d19bf21121ed,51.521722,-0.071712,Music Venue,Arts & Entertainment,0.1350952071473299
427,50128ec5e4b020985b202653,51.506949,-0.13203399999999998,General Entertainment,Arts & Entertainment,0.06571692565860743
428,4f3a4b13a17c224158ea5216,51.55382,-0.016093,Stadium,Arts & Entertainment,1.7328679513998633
429,500a7521e4b0f6804e7529ec,51.544209,-0.007997,Event Space,Event,0.15041336696694568
430,4ebaaba3dab4b5032400593f,51.508163,0.035174000000000004,Hotel Bar,Nightlife Spot,0.5536223941589382
431,500f285ce4b048366a856520,51.500039,-0.129064,Building,Professional & Other Places,0.14496839567935732
432,50081c30e4b0d5e2f56f1de8,51.557628,-0.27976,Athletic & Sport,Event,0.5274781903384896
433,50115ec3e4b09cb7de674867,51.512345,-0.111429,Event Space,Event,0.13669503094931298
434,4fdcb2cae4b09473e18a319c,51.513028999999996,-0.132201,Ramen /  Noodle House,Food,0.04654939029011631
435,50198ec3e4b004b505363fd0,51.53191500000001,-0.167796,Residential Building (Apartment / Condo),Residence,0.48332923215638335
436,501cf159e4b00debc91bef7e,51.500715,0.071951,Road,Travel & Transport,1.2531140530851854
437,501e3b36e4b0d43ab60ce35f,51.404203,-0.086876,Neighborhood,Outdoors & Recreation,3.4657359027997265
438,4f8d7b30754abf3657ab5b6d,51.504145,-0.134324,Stadium,Arts & Entertainment,0.1890869873302937
439,501124c3e4b07ac9f07b0dd5,51.547518,-0.023632,Office,Professional & Other Places,0.8065002106058106
440,4b2221f3f964a520eb4324e3,51.513745,-0.319828,Cafe,Food,0.7000763811286929
441,50116218c84c8b9cbab71702,51.521495,-0.071175,General Entertainment,Arts & Entertainment,0.13925273831550106
442,5019adb7e4b023187f991b5f,51.531874,-0.16783,Residential Building (Apartment / Condo),Residence,0.48332923215638335
443,5015616be4b06a7cdb3f82e9,51.533188,-0.127083,Train,Travel & Transport,0.12224334756310531
444,501e66f8e4b0d9ad7afe6c9a,51.496684,-0.210465,Bar,Nightlife Spot,0.32041740715360545
445,5007ef4fe4b0fa0125d013ec,51.502259,-0.178759,Park,Outdoors & Recreation,0.3021057904147213
446,5010492be4b0871c8a7e25ee,51.535494,-0.105768,Event Space,Event,0.13377443633437086
447,5023f780e4b090dce1684aa7,51.513166999999996,-0.177345,Residential Building (Apartment / Condo),Residence,0.13426519319110497
448,50153707e4b0354629f9b235,51.506791,-0.070717,Event Space,Event,0.246995186366472
449,4d9c9c5848b6224b189f119f,51.413143,-0.183579,Italian Restaurant,Food,0.9459064628570755
450,5016c71ee4b080ff6c6ce632,51.508184,0.031885000000000004,Athletic & Sport,Event,0.40614092610934294
451,4b21f6a4f964a5209c4224e3,51.474968,-0.336843,Train Station,Travel & Transport,1.190073039348287
452,501bbb6829a66b254e2b3df8,51.511707,-0.12200799999999999,General Entertainment,Arts & Entertainment,0.05724346048330363
453,4c8b6cf33dc2a1cd22f6b532,51.517117999999996,-0.209806,Fish & Chips Shop,Food,0.26929156424645495
454,50276e08e4b0dd4acca8b390,51.510587,-0.099017,Stadium,Arts & Entertainment,0.12798061507509279
